period 0														
pl 0														
70000	0	0	0	0	0	0	0	0	0	0	0	0	0	0
0	0	0	0	0	0	0	0	0	0	0	0	0	0	0
0	0	0	0	0	0	0	0	0	0	0	0	0	0	0
0	0	0	0	0	0	0	0	0	0	0	0	0	0	0
0	0	0	0	0	0	0	0	0	0	0	0	0	0	0
0	0	0	0	0	0	0	0	0	0	0	0	0	0	0
0	0	0	0	0	0	0	0	0	0	0	0	0	0	0
0	0	0	0	0	0	0	0	0	0	0	0	0	0	0
0	0	0	0	0	0	0	0	0	0	0	0	0	0	0
0	0	0	0	0	0	0	0	0	0	0	0	0	0	0
0	0	0	0	0	0	0	0	0	0	0	0	0	0	0
0	0	0	0	0	0	0	0	0	0	0	0	0	0	0
0	0	0	0	0	0	0	0	0	0	0	0	0	0	0
0	0	0	0	0	0	0	0	0	0	0	0	0	0	0
0	0	0	0	0	0	0	0	0	0	0	0	0	0	0
														
pl 1														
0	0	0	0	0	0	0	0	0	0	0	0	0	0	0
0	0	0	0	0	0	0	0	0	0	0	0	0	0	0
0	0	0	0	0	0	0	0	0	0	0	0	0	0	0
0	0	0	0	0	0	0	0	0	0	0	0	0	0	0
0	0	0	0	0	0	0	0	0	0	0	0	0	0	0
0	0	0	0	0	0	0	0	0	0	0	0	0	0	0
0	0	0	0	0	0	0	0	0	0	0	0	0	0	0
70000	0	0	0	0	0	0	0	0	0	0	0	0	0	0
0	0	0	0	0	0	0	0	0	0	0	0	0	0	0
0	0	0	0	0	0	0	0	0	0	0	0	0	0	0
0	0	0	0	0	0	0	0	0	0	0	0	0	0	0
0	0	0	0	0	0	0	0	0	0	0	0	0	0	0
0	0	0	0	0	0	0	0	0	0	0	0	0	0	0
0	0	0	0	0	0	0	0	0	0	0	0	0	0	0
0	0	0	0	0	0	0	0	0	0	0	0	0	0	0
														
pl 2														
0	0	0	0	0	0	0	70000	0	0	0	0	0	0	0
0	0	0	0	0	0	0	0	0	0	0	0	0	0	0
0	0	0	0	0	0	0	0	0	0	0	0	0	0	0
0	0	0	0	0	0	0	0	0	0	0	0	0	0	0
0	0	0	0	0	0	0	0	0	0	0	0	0	0	0
0	0	0	0	0	0	0	0	0	0	0	0	0	0	0
0	0	0	0	0	0	0	0	0	0	0	0	0	0	0
0	0	0	0	0	0	0	0	0	0	0	0	0	0	0
0	0	0	0	0	0	0	0	0	0	0	0	0	0	0
0	0	0	0	0	0	0	0	0	0	0	0	0	0	0
0	0	0	0	0	0	0	0	0	0	0	0	0	0	0
0	0	0	0	0	0	0	0	0	0	0	0	0	0	0
0	0	0	0	0	0	0	0	0	0	0	0	0	0	0
0	0	0	0	0	0	0	0	0	0	0	0	0	0	0
0	0	0	0	0	0	0	0	0	0	0	0	0	0	0
														
pl 3														
0	0	0	0	0	0	0	0	0	0	0	0	0	0	0
0	0	0	0	0	0	0	0	0	0	0	0	0	0	0
0	0	0	0	0	0	0	0	0	0	0	0	0	0	0
0	0	0	0	0	0	0	0	0	0	0	0	0	0	0
0	0	0	0	0	0	0	0	0	0	0	0	0	0	0
0	0	0	0	0	0	0	0	0	0	0	0	0	0	0
0	0	0	0	0	0	0	0	0	0	0	0	0	0	0
0	0	0	0	0	0	0	0	0	0	0	0	0	0	0
0	0	0	0	0	0	0	0	0	0	0	0	0	0	0
0	0	0	0	0	0	0	0	0	0	0	0	0	0	0
0	0	0	0	0	0	0	0	0	0	0	0	0	0	0
0	0	0	0	0	0	0	0	0	0	0	0	0	0	0
0	0	0	0	0	0	0	0	0	0	0	0	0	0	0
0	0	0	0	0	0	0	0	0	0	0	0	0	0	0
0	0	0	0	0	0	0	0	0	0	0	0	0	0	70000
														
pl 4														
0	0	0	0	0	0	0	0	0	0	0	0	0	0	0
0	0	0	0	0	0	0	0	0	0	0	0	0	0	0
0	0	0	0	0	0	0	0	0	0	0	0	0	0	0
0	0	0	0	0	0	0	0	0	0	0	0	0	0	0
0	0	0	0	0	0	0	0	0	0	0	0	0	0	0
0	0	0	0	0	0	0	0	0	0	0	0	0	0	0
0	0	0	0	0	0	0	0	0	0	0	0	0	0	0
0	0	0	0	0	0	0	0	0	0	0	0	0	0	70000
0	0	0	0	0	0	0	0	0	0	0	0	0	0	0
0	0	0	0	0	0	0	0	0	0	0	0	0	0	0
0	0	0	0	0	0	0	0	0	0	0	0	0	0	0
0	0	0	0	0	0	0	0	0	0	0	0	0	0	0
0	0	0	0	0	0	0	0	0	0	0	0	0	0	0
0	0	0	0	0	0	0	0	0	0	0	0	0	0	0
0	0	0	0	0	0	0	0	0	0	0	0	0	0	0
														
pl 5														
0	0	0	0	0	0	0	0	0	0	0	0	0	0	0
0	0	0	0	0	0	0	0	0	0	0	0	0	0	0
0	0	0	0	0	0	0	0	0	0	0	0	0	0	0
0	0	0	0	0	0	0	0	0	0	0	0	0	0	0
0	0	0	0	0	0	0	0	0	0	0	0	0	0	0
0	0	0	0	0	0	0	0	0	0	0	0	0	0	0
0	0	0	0	0	0	0	0	0	0	0	0	0	0	0
0	0	0	0	0	0	0	0	0	0	0	0	0	0	0
0	0	0	0	0	0	0	0	0	0	0	0	0	0	0
0	0	0	0	0	0	0	0	0	0	0	0	0	0	0
0	0	0	0	0	0	0	0	0	0	0	0	0	0	0
0	0	0	0	0	0	0	0	0	0	0	0	0	0	0
0	0	0	0	0	0	0	0	0	0	0	0	0	0	0
0	0	0	0	0	0	0	0	0	0	0	0	0	0	0
0	0	0	0	0	0	0	70000	0	0	0	0	0	0	0
														
period 1														
pl 0														
13620	16315	0	401	0	0	0	0	0	0	0	0	0	0	0
38970	0	310	0	0	0	0	0	0	0	0	0	0	0	0
0	0	0	0	0	0	0	0	0	0	0	0	0	0	0
384	0	0	0	0	0	0	0	0	0	0	0	0	0	0
0	0	0	0	0	0	0	0	0	0	0	0	0	0	0
0	0	0	0	0	0	0	0	0	0	0	0	0	0	0
0	0	0	0	0	0	0	0	0	0	0	0	0	0	0
0	0	0	0	0	0	0	0	0	0	0	0	0	0	0
0	0	0	0	0	0	0	0	0	0	0	0	0	0	0
0	0	0	0	0	0	0	0	0	0	0	0	0	0	0
0	0	0	0	0	0	0	0	0	0	0	0	0	0	0
0	0	0	0	0	0	0	0	0	0	0	0	0	0	0
0	0	0	0	0	0	0	0	0	0	0	0	0	0	0
0	0	0	0	0	0	0	0	0	0	0	0	0	0	0
0	0	0	0	0	0	0	0	0	0	0	0	0	0	0
														
pl 1														
0	0	0	0	0	0	0	0	0	0	0	0	0	0	0
0	0	0	0	0	0	0	0	0	0	0	0	0	0	0
0	0	0	0	0	0	0	0	0	0	0	0	0	0	0
0	0	0	0	0	0	0	0	0	0	0	0	0	0	0
0	0	0	0	0	0	0	0	0	0	0	0	0	0	0
0	0	0	0	0	0	0	0	0	0	0	0	0	0	0
8	0	0	0	0	0	0	0	0	0	0	0	0	0	0
14923	43913	0	310	0	0	0	0	0	0	0	0	0	0	0
10054	0	0	0	0	0	0	0	0	0	0	0	0	0	0
0	0	0	0	0	0	0	0	0	0	0	0	0	0	0
792	0	0	0	0	0	0	0	0	0	0	0	0	0	0
0	0	0	0	0	0	0	0	0	0	0	0	0	0	0
0	0	0	0	0	0	0	0	0	0	0	0	0	0	0
0	0	0	0	0	0	0	0	0	0	0	0	0	0	0
0	0	0	0	0	0	0	0	0	0	0	0	0	0	0
														
pl 2														
0	0	0	0	0	0	15	814	0	0	0	0	0	0	0
0	0	0	0	0	0	9757	59061	0	0	0	0	0	0	0
0	0	0	0	0	0	0	0	0	0	0	0	0	0	0
0	0	0	0	0	0	0	353	0	0	0	0	0	0	0
0	0	0	0	0	0	0	0	0	0	0	0	0	0	0
0	0	0	0	0	0	0	0	0	0	0	0	0	0	0
0	0	0	0	0	0	0	0	0	0	0	0	0	0	0
0	0	0	0	0	0	0	0	0	0	0	0	0	0	0
0	0	0	0	0	0	0	0	0	0	0	0	0	0	0
0	0	0	0	0	0	0	0	0	0	0	0	0	0	0
0	0	0	0	0	0	0	0	0	0	0	0	0	0	0
0	0	0	0	0	0	0	0	0	0	0	0	0	0	0
0	0	0	0	0	0	0	0	0	0	0	0	0	0	0
0	0	0	0	0	0	0	0	0	0	0	0	0	0	0
0	0	0	0	0	0	0	0	0	0	0	0	0	0	0
														
pl 3														
0	0	0	0	0	0	0	0	0	0	0	0	0	0	0
0	0	0	0	0	0	0	0	0	0	0	0	0	0	0
0	0	0	0	0	0	0	0	0	0	0	0	0	0	0
0	0	0	0	0	0	0	0	0	0	0	0	0	0	0
0	0	0	0	0	0	0	0	0	0	0	0	0	0	0
0	0	0	0	0	0	0	0	0	0	0	0	0	0	0
0	0	0	0	0	0	0	0	0	0	0	0	0	0	0
0	0	0	0	0	0	0	0	0	0	0	0	0	0	0
0	0	0	0	0	0	0	0	0	0	0	0	0	0	0
0	0	0	0	0	0	0	0	0	0	0	0	0	0	0
0	0	0	0	0	0	0	0	0	0	0	0	0	0	0
0	0	0	0	0	0	0	0	0	0	0	0	0	0	384
0	0	0	0	0	0	0	0	0	0	0	0	0	0	0
0	0	0	0	0	0	0	0	0	0	0	0	293	0	33882
0	0	0	0	0	0	0	0	0	0	0	406	0	21808	13227
														
pl 4														
0	0	0	0	0	0	0	0	0	0	0	0	0	0	0
0	0	0	0	0	0	0	0	0	0	0	0	0	0	0
0	0	0	0	0	0	0	0	0	0	0	0	0	0	0
0	0	0	0	0	0	0	0	0	0	0	0	0	0	0
0	0	0	0	0	0	0	0	0	0	0	0	0	0	406
0	0	0	0	0	0	0	0	0	0	0	0	0	0	0
0	0	0	0	0	0	0	0	0	0	0	0	0	0	9238
0	0	0	0	0	0	0	0	0	0	0	0	0	45422	14513
0	0	0	0	0	0	0	0	0	0	0	0	0	0	6
0	0	0	0	0	0	0	0	0	0	0	0	0	0	0
0	0	0	0	0	0	0	0	0	0	0	0	0	0	415
0	0	0	0	0	0	0	0	0	0	0	0	0	0	0
0	0	0	0	0	0	0	0	0	0	0	0	0	0	0
0	0	0	0	0	0	0	0	0	0	0	0	0	0	0
0	0	0	0	0	0	0	0	0	0	0	0	0	0	0
														
pl 5														
0	0	0	0	0	0	0	0	0	0	0	0	0	0	0
0	0	0	0	0	0	0	0	0	0	0	0	0	0	0
0	0	0	0	0	0	0	0	0	0	0	0	0	0	0
0	0	0	0	0	0	0	0	0	0	0	0	0	0	0
0	0	0	0	0	0	0	0	0	0	0	0	0	0	0
0	0	0	0	0	0	0	0	0	0	0	0	0	0	0
0	0	0	0	0	0	0	0	0	0	0	0	0	0	0
0	0	0	0	0	0	0	0	0	0	0	0	0	0	0
0	0	0	0	0	0	0	0	0	0	0	0	0	0	0
0	0	0	0	0	0	0	0	0	0	0	0	0	0	0
0	0	0	0	0	0	0	0	0	0	0	0	0	0	0
0	0	0	0	0	0	0	0	0	0	0	0	0	0	0
0	0	0	0	0	0	309	0	0	0	0	0	0	0	0
0	0	0	0	0	0	0	58082	8786	0	0	0	0	0	0
0	0	0	0	415	0	1203	840	365	0	0	0	0	0	0
														
period 2														
pl 0														
8450	6135	7941	0	0	0	401	0	0	0	0	0	0	0	0
813	28171	10	0	0	300	0	0	0	0	0	0	0	0	0
17395	0	0	0	0	0	0	0	0	0	0	0	0	0	0
0	0	0	0	0	0	0	0	0	0	0	0	0	0	0
0	0	0	0	0	0	0	0	0	0	0	0	0	0	0
0	384	0	0	0	0	0	0	0	0	0	0	0	0	0
0	0	0	0	0	0	0	0	0	0	0	0	0	0	0
0	0	0	0	0	0	0	0	0	0	0	0	0	0	0
0	0	0	0	0	0	0	0	0	0	0	0	0	0	0
0	0	0	0	0	0	0	0	0	0	0	0	0	0	0
0	0	0	0	0	0	0	0	0	0	0	0	0	0	0
0	0	0	0	0	0	0	0	0	0	0	0	0	0	0
0	0	0	0	0	0	0	0	0	0	0	0	0	0	0
0	0	0	0	0	0	0	0	0	0	0	0	0	0	0
0	0	0	0	0	0	0	0	0	0	0	0	0	0	0
														
pl 1														
0	0	0	0	0	0	0	0	0	0	0	0	0	0	0
0	0	0	0	0	0	0	0	0	0	0	0	0	0	0
0	0	0	0	0	0	0	0	0	0	0	0	0	0	0
0	0	0	0	0	0	0	0	0	0	0	0	0	0	0
0	0	0	0	0	0	0	0	0	0	0	0	0	0	0
0	0	0	0	0	0	0	0	0	0	0	0	0	0	0
0	75	0	0	0	0	0	0	0	0	0	0	0	0	0
1354	8035	30099	10	0	0	0	0	0	0	0	0	0	0	0
5677	22050	0	0	0	300	0	0	0	0	0	0	0	0	0
1608	0	0	0	0	0	0	0	0	0	0	0	0	0	0
0	0	0	0	0	0	0	0	0	0	0	0	0	0	0
391	0	0	0	0	0	0	0	0	0	0	0	0	0	0
0	0	0	0	0	0	0	0	0	0	0	0	0	0	0
401	0	0	0	0	0	0	0	0	0	0	0	0	0	0
0	0	0	0	0	0	0	0	0	0	0	0	0	0	0
														
pl 2														
0	0	0	0	0	0	0	814	0	0	0	0	0	0	0
0	0	0	0	401	0	7094	11322	16226	0	4873	0	0	0	0
0	0	0	0	0	0	0	23847	0	0	0	0	0	0	0
0	0	0	0	0	0	0	53	0	0	0	0	0	0	0
0	0	0	0	0	0	0	5370	0	0	0	0	0	0	0
0	0	0	0	0	0	0	0	0	0	0	0	0	0	0
0	0	0	0	0	0	0	0	0	0	0	0	0	0	0
0	0	0	0	0	0	0	0	0	0	0	0	0	0	0
0	0	0	0	0	0	0	0	0	0	0	0	0	0	0
0	0	0	0	0	0	0	0	0	0	0	0	0	0	0
0	0	0	0	0	0	0	0	0	0	0	0	0	0	0
0	0	0	0	0	0	0	0	0	0	0	0	0	0	0
0	0	0	0	0	0	0	0	0	0	0	0	0	0	0
0	0	0	0	0	0	0	0	0	0	0	0	0	0	0
0	0	0	0	0	0	0	0	0	0	0	0	0	0	0
														
pl 3														
0	0	0	0	0	0	0	0	0	0	0	0	0	0	0
0	0	0	0	0	0	0	0	0	0	0	0	0	0	0
0	0	0	0	0	0	0	0	0	0	0	0	0	0	0
0	0	0	0	0	0	0	0	0	0	0	0	0	0	0
0	0	0	0	0	0	0	0	0	0	0	0	0	0	0
0	0	0	0	0	0	0	0	0	0	0	0	0	0	0
0	0	0	0	0	0	0	0	0	0	0	0	0	0	0
0	0	0	0	0	0	0	0	0	0	0	0	0	0	0
0	0	0	0	0	0	0	0	0	0	0	0	0	0	0
0	0	0	0	0	0	0	0	0	0	0	0	0	384	0
0	0	0	0	0	0	0	0	0	0	0	0	0	0	0
0	0	0	0	0	0	0	0	0	0	0	0	0	0	0
0	0	0	0	0	0	0	0	0	0	0	0	0	0	13452
0	0	0	0	0	0	0	0	0	212	0	0	81	28788	41
0	0	0	0	0	0	0	0	406	0	0	0	11778	6924	7934
														
pl 4														
0	0	0	0	0	0	0	0	0	0	0	0	0	0	0
0	0	0	0	0	0	0	0	0	0	0	0	0	0	0
0	0	0	0	0	0	0	0	0	0	0	0	0	0	0
0	0	0	0	0	0	0	0	0	0	0	0	0	0	406
0	0	0	0	0	0	0	0	0	0	0	0	0	0	0
0	0	0	0	0	0	0	0	0	0	0	0	0	0	1425
0	0	0	0	0	0	0	0	0	0	0	0	0	21016	5339
0	0	0	0	0	0	0	0	0	0	0	0	31096	8024	2195
0	0	0	0	0	0	0	0	0	0	0	0	0	100	0
0	0	0	0	0	0	0	0	0	0	0	0	0	0	0
0	0	0	0	0	0	0	0	0	0	0	0	0	0	0
0	0	0	0	0	0	0	0	0	0	0	0	0	0	0
0	0	0	0	0	0	0	0	0	0	0	0	0	0	0
0	0	0	0	0	0	0	0	0	0	0	0	0	0	399
0	0	0	0	0	0	0	0	0	0	0	0	0	0	0
														
pl 5														
0	0	0	0	0	0	0	0	0	0	0	0	0	0	0
0	0	0	0	0	0	0	0	0	0	0	0	0	0	0
0	0	0	0	0	0	0	0	0	0	0	0	0	0	0
0	0	0	0	0	0	0	0	0	0	0	0	0	0	0
0	0	0	0	0	0	0	0	0	0	0	0	0	0	0
0	0	0	0	0	0	0	0	0	0	0	0	0	0	0
0	0	0	0	0	0	0	0	0	0	0	0	0	0	0
0	0	0	0	0	0	0	0	0	0	0	0	0	0	0
0	0	0	0	0	0	0	0	0	0	0	0	0	0	0
0	0	0	0	0	0	212	0	0	0	0	0	0	0	0
0	0	0	0	0	0	0	5073	0	0	0	0	0	0	0
0	0	0	0	0	0	0	0	0	0	0	0	0	0	0
0	0	0	0	0	0	97	26049	0	0	0	0	0	0	0
0	0	0	0	4904	0	15125	8838	7657	0	406	0	0	0	0
0	399	0	0	0	0	400	840	0	0	0	0	0	0	0
														
period 3														
pl 0														
1540	4312	4546	6761	0	0	0	0	0	0	0	0	0	0	0
4025	1879	15267	0	0	28	401	0	272	0	0	0	0	0	0
3	17057	0	0	0	0	0	0	0	0	0	0	0	0	0
13525	0	0	0	0	0	0	0	0	0	0	0	0	0	0
0	0	0	0	0	0	0	0	0	0	0	0	0	0	0
0	0	0	0	384	0	0	0	0	0	0	0	0	0	0
0	0	0	0	0	0	0	0	0	0	0	0	0	0	0
0	0	0	0	0	0	0	0	0	0	0	0	0	0	0
0	0	0	0	0	0	0	0	0	0	0	0	0	0	0
0	0	0	0	0	0	0	0	0	0	0	0	0	0	0
0	0	0	0	0	0	0	0	0	0	0	0	0	0	0
0	0	0	0	0	0	0	0	0	0	0	0	0	0	0
0	0	0	0	0	0	0	0	0	0	0	0	0	0	0
0	0	0	0	0	0	0	0	0	0	0	0	0	0	0
0	0	0	0	0	0	0	0	0	0	0	0	0	0	0
														
pl 1														
0	0	0	0	0	0	0	0	0	0	0	0	0	0	0
0	0	0	0	0	0	0	0	0	0	0	0	0	0	0
0	0	0	0	0	0	0	0	0	0	0	0	0	0	0
0	0	0	0	0	0	0	0	0	0	0	0	0	0	0
0	0	0	0	0	0	0	0	0	0	0	0	0	0	0
0	5	0	0	0	0	0	0	0	0	0	0	0	0	0
0	0	885	0	67	0	0	0	0	0	0	0	0	0	0
862	386	15	12042	4	0	0	0	0	0	0	0	0	0	0
1184	14013	27628	0	0	28	272	0	0	0	0	0	0	0	0
396	7358	3390	0	0	0	0	0	0	0	0	0	0	0	0
1	155	0	0	0	0	0	0	0	0	0	0	0	0	0
0	517	0	0	0	0	0	0	0	0	0	0	0	0	0
0	0	0	0	0	0	0	0	0	0	0	0	0	0	0
0	0	0	0	0	0	0	0	0	0	0	0	0	0	0
792	0	0	0	0	0	0	0	0	0	0	0	0	0	0
														
pl 2														
0	0	0	0	0	0	0	814	0	794	0	0	0	0	0
0	0	0	401	0	1	8	771	9778	7952	45	0	0	0	0
0	0	0	0	0	0	7470	1	8592	5214	4828	0	0	0	0
0	0	0	0	0	0	0	2333	5	0	0	0	0	0	0
0	0	0	0	0	0	272	400	5704	0	0	0	0	0	0
0	0	0	0	0	0	0	14617	0	0	0	0	0	0	0
0	0	0	0	0	0	0	0	0	0	0	0	0	0	0
0	0	0	0	0	0	0	0	0	0	0	0	0	0	0
0	0	0	0	0	0	0	0	0	0	0	0	0	0	0
0	0	0	0	0	0	0	0	0	0	0	0	0	0	0
0	0	0	0	0	0	0	0	0	0	0	0	0	0	0
0	0	0	0	0	0	0	0	0	0	0	0	0	0	0
0	0	0	0	0	0	0	0	0	0	0	0	0	0	0
0	0	0	0	0	0	0	0	0	0	0	0	0	0	0
0	0	0	0	0	0	0	0	0	0	0	0	0	0	0
														
pl 3														
0	0	0	0	0	0	0	0	0	0	0	0	0	0	0
0	0	0	0	0	0	0	0	0	0	0	0	0	0	0
0	0	0	0	0	0	0	0	0	0	0	0	0	0	0
0	0	0	0	0	0	0	0	0	0	0	0	0	0	0
0	0	0	0	0	0	0	0	0	0	0	0	0	0	0
0	0	0	0	0	0	0	0	0	0	0	0	0	0	0
0	0	0	0	0	0	0	0	0	0	0	0	0	0	0
0	0	0	0	0	0	0	0	0	0	0	0	0	0	0
0	0	0	0	0	0	0	0	0	0	0	0	0	0	0
0	0	0	0	0	0	0	0	0	0	384	0	0	0	0
0	0	0	0	0	0	0	0	0	0	0	0	0	0	0
0	0	0	0	0	0	0	0	0	0	0	0	0	16	12599
0	0	0	0	0	0	0	0	0	0	0	0	0	14064	2
0	0	0	0	0	0	212	0	406	0	0	0	16335	654	3272
0	0	0	0	0	0	0	0	0	0	0	10442	1636	8517	1461
														
pl 4														
0	0	0	0	0	0	0	0	0	0	0	0	0	0	0
0	0	0	0	0	0	0	0	0	0	0	0	0	0	0
0	0	0	0	0	0	0	0	0	0	0	0	0	0	0
0	0	0	0	0	0	0	0	0	0	0	0	0	870	0
0	0	0	0	0	0	0	0	0	0	0	0	0	157	1635
0	0	0	0	0	0	0	0	0	0	0	0	2518	1312	173
0	0	0	0	0	0	0	0	0	0	0	177	27807	13264	472
0	0	0	0	0	0	0	0	0	0	5	13045	427	4341	888
0	0	0	0	0	0	0	0	0	0	59	0	2446	0	1
0	0	0	0	0	0	0	0	0	0	0	0	0	4	0
0	0	0	0	0	0	0	0	0	0	0	0	0	0	0
0	0	0	0	0	0	0	0	0	0	0	0	0	0	0
0	0	0	0	0	0	0	0	0	0	0	0	0	0	0
0	0	0	0	0	0	0	0	0	0	0	0	0	399	0
0	0	0	0	0	0	0	0	0	0	0	0	0	0	0
														
pl 5														
0	0	0	0	0	0	0	0	0	0	0	0	0	0	0
0	0	0	0	0	0	0	0	0	0	0	0	0	0	0
0	0	0	0	0	0	0	0	0	0	0	0	0	0	0
0	0	0	0	0	0	0	0	0	0	0	0	0	0	0
0	0	0	0	0	0	0	0	0	0	0	0	0	0	0
0	0	0	0	0	0	0	0	0	0	0	0	0	0	0
0	0	0	0	0	0	0	0	0	0	0	0	0	0	0
0	0	0	0	0	0	0	0	0	0	0	0	0	0	0
0	0	0	0	0	0	0	0	0	0	0	0	0	0	0
0	0	0	0	0	0	0	10610	0	0	0	0	0	0	0
0	0	0	0	0	0	5701	4946	31	0	0	0	0	0	0
0	0	0	0	0	15	1350	3036	0	0	0	0	0	0	0
0	0	0	0	4529	3432	9009	0	6886	0	0	0	0	0	0
0	399	0	43	316	8436	8793	52	381	373	0	406	0	0	0
0	0	0	0	16	0	400	840	0	0	0	0	0	0	0
														
period 4														
pl 0														
877	51	7359	1298	6725	0	0	0	0	0	0	0	0	0	0
1048	396	124	14507	0	28	0	0	126	0	0	0	0	0	0
3213	1770	3541	0	0	0	401	0	0	0	146	0	0	0	0
420	14037	0	31	0	0	0	0	0	0	0	0	0	0	0
13518	0	0	0	0	0	0	0	0	0	0	0	0	0	0
0	0	0	0	361	21	0	0	0	0	0	0	0	0	0
0	0	0	0	2	0	0	0	0	0	0	0	0	0	0
0	0	0	0	0	0	0	0	0	0	0	0	0	0	0
0	0	0	0	0	0	0	0	0	0	0	0	0	0	0
0	0	0	0	0	0	0	0	0	0	0	0	0	0	0
0	0	0	0	0	0	0	0	0	0	0	0	0	0	0
0	0	0	0	0	0	0	0	0	0	0	0	0	0	0
0	0	0	0	0	0	0	0	0	0	0	0	0	0	0
0	0	0	0	0	0	0	0	0	0	0	0	0	0	0
0	0	0	0	0	0	0	0	0	0	0	0	0	0	0
														
pl 1														
0	0	0	0	0	0	0	0	0	0	0	0	0	0	0
0	0	0	0	0	0	0	0	0	0	0	0	0	0	0
0	0	0	0	0	0	0	0	0	0	0	0	0	0	0
0	0	0	0	0	0	0	0	0	0	0	0	0	0	0
0	1	0	0	0	0	0	0	0	0	0	0	0	0	0
0	0	488	0	0	0	0	0	0	0	0	0	0	0	0
0	0	0	4639	0	6	0	0	0	0	0	0	0	0	0
868	472	402	11	1900	67	0	0	0	0	0	0	0	0	0
2	364	5265	17252	1374	1098	154	48	0	0	0	0	0	0	0
1578	12104	9002	5151	2174	0	47	0	0	0	0	0	0	0	0
2	894	1201	572	4	0	0	0	0	0	0	0	0	0	0
1	187	1733	3	55	0	0	0	0	0	0	0	0	0	0
0	66	0	23	0	0	0	0	0	0	0	0	0	0	0
43	0	0	0	0	0	0	0	0	0	0	0	0	0	0
391	358	0	0	0	0	0	0	0	0	0	0	0	0	0
														
pl 2														
0	0	0	0	0	0	0	814	0	0	0	0	0	0	0
0	0	0	0	0	0	8	772	11	8741	2355	67	0	0	0
0	401	0	0	0	834	10	1	1817	10610	153	4788	0	0	0
0	0	0	0	0	0	6146	53	1988	7600	25	1	0	0	0
0	0	0	0	364	122	150	1425	14	5634	3	4	0	0	0
0	0	0	0	0	0	2044	19	9305	12	211	0	0	0	0
0	0	0	0	0	0	0	3428	0	4	0	0	0	0	0
0	0	0	0	0	0	0	0	3	0	0	0	0	0	0
0	0	0	0	0	0	0	63	0	0	0	0	0	0	0
0	0	0	0	0	0	0	0	0	0	0	0	0	0	0
0	0	0	0	0	0	0	0	0	0	0	0	0	0	0
0	0	0	0	0	0	0	0	0	0	0	0	0	0	0
0	0	0	0	0	0	0	0	0	0	0	0	0	0	0
0	0	0	0	0	0	0	0	0	0	0	0	0	0	0
0	0	0	0	0	0	0	0	0	0	0	0	0	0	0
														
pl 3														
0	0	0	0	0	0	0	0	0	0	0	0	0	0	0
0	0	0	0	0	0	0	0	0	0	0	0	0	0	0
0	0	0	0	0	0	0	0	0	0	0	0	0	0	0
0	0	0	0	0	0	0	0	0	0	0	0	0	0	0
0	0	0	0	0	0	0	0	0	0	0	0	0	0	0
0	0	0	0	0	0	0	0	0	0	0	0	0	0	0
0	0	0	0	0	0	0	0	0	0	0	0	0	0	0
0	0	0	0	0	0	0	0	0	0	0	0	0	0	0
0	0	0	0	0	0	0	0	0	0	18	0	0	0	0
0	0	0	0	0	0	0	0	0	44	322	0	0	0	0
0	0	0	0	0	0	0	0	0	0	0	0	0	0	12586
0	0	0	0	0	0	0	0	0	0	0	28	0	13381	3
0	0	0	0	0	0	138	0	406	0	0	0	612	386	3270
0	0	0	0	0	10	56	0	0	0	0	15835	227	4358	528
0	0	0	0	0	0	8	0	0	0	10373	1646	3468	1404	893
														
pl 4														
0	0	0	0	0	0	0	0	0	0	0	0	0	52	0
0	0	0	0	0	0	0	0	0	0	0	0	0	0	16
0	0	0	0	0	0	0	0	0	0	0	0	0	163	0
0	0	0	0	0	0	0	0	0	0	18	0	446	58	1195
0	0	0	0	0	0	0	0	0	0	0	27	939	1202	190
0	0	0	0	0	0	0	0	0	0	56	4757	13041	8365	396
0	0	0	0	0	0	0	0	0	3	836	16265	6139	665	85
0	0	0	0	0	0	0	0	0	143	1956	13	1578	9	5099
0	0	0	0	0	0	0	0	0	36	4	5271	367	2	0
0	0	0	0	0	0	0	0	0	0	0	0	205	0	0
0	0	0	0	0	0	0	0	0	0	0	0	0	4	0
0	0	0	0	0	0	0	0	0	0	0	0	0	0	0
0	0	0	0	0	0	0	0	0	0	0	0	0	0	0
0	0	0	0	0	0	0	0	0	0	0	0	0	0	0
0	0	0	0	0	0	0	0	0	0	0	0	399	0	0
														
pl 5														
0	0	0	0	0	0	0	0	0	0	0	0	0	0	0
0	0	0	0	0	0	0	0	0	0	0	0	0	0	0
0	0	0	0	0	0	0	0	0	0	0	0	0	0	0
0	0	0	0	0	0	0	0	0	0	0	0	0	0	0
0	0	0	0	0	0	0	0	0	0	0	0	0	0	0
0	0	0	0	0	0	0	0	0	0	0	0	0	0	0
0	0	0	0	0	0	0	8	0	0	0	0	0	0	0
0	0	0	0	0	0	22	0	0	0	0	0	0	0	0
0	0	0	0	0	10	0	6027	0	0	0	0	0	0	0
0	0	0	0	0	0	2285	2340	3111	0	0	0	0	0	0
0	0	0	0	0	5346	2092	1632	27	37	358	0	0	0	0
0	0	0	0	24	6968	1346	239	6846	0	0	0	0	0	0
0	0	0	4489	881	11074	139	2	5	374	0	0	0	406	0
0	0	0	316	2610	8793	16	52	381	0	0	0	0	0	0
0	415	0	0	1	2	400	926	0	0	0	0	0	0	0
														
period 5														
pl 0														
876	132	540	6171	1272	5742	3	0	0	0	0	0	0	0	0
846	11	100	775	14381	28	5	7	126	0	11	0	0	0	0
132	2247	60	1547	0	597	0	0	0	4	81	30	0	0	0
3211	136	2279	0	113	0	401	0	0	0	20	0	0	0	0
826	13867	0	39	0	0	0	0	0	0	0	0	0	0	0
12980	0	10	0	7	34	0	0	0	0	0	0	0	0	0
2	8	0	0	332	11	0	0	0	0	0	0	0	0	0
0	0	0	0	0	0	0	0	0	0	0	0	0	0	0
0	0	0	0	0	0	0	0	0	0	0	0	0	0	0
0	0	0	0	0	0	0	0	0	0	0	0	0	0	0
0	0	0	0	0	0	0	0	0	0	0	0	0	0	0
0	0	0	0	0	0	0	0	0	0	0	0	0	0	0
0	0	0	0	0	0	0	0	0	0	0	0	0	0	0
0	0	0	0	0	0	0	0	0	0	0	0	0	0	0
0	0	0	0	0	0	0	0	0	0	0	0	0	0	0
														
pl 1														
0	0	0	0	0	0	0	0	0	0	0	0	0	0	0
0	0	0	0	0	0	0	0	0	0	0	0	0	0	0
0	0	0	0	0	0	0	0	0	0	0	0	0	0	0
0	1	0	0	0	0	0	0	0	0	0	0	0	0	0
0	0	94	0	1	0	0	0	0	0	0	0	0	0	0
0	0	2	373	0	19	0	0	0	0	0	0	0	0	0
0	0	16	178	4248	1	0	0	0	0	0	0	0	0	0
1944	52	736	2523	49	888	27	0	0	0	0	0	0	0	0
217	530	1229	5245	5781	544	527	6	1	0	0	0	0	0	0
409	968	1289	10325	4465	1822	7	71	0	0	0	0	0	0	0
385	10836	1995	4659	1675	55	120	0	0	0	0	0	0	0	0
34	756	1069	2066	24	52	0	0	0	0	0	0	0	0	0
44	145	659	0	48	0	0	0	0	0	0	0	0	0	0
56	32	0	0	0	0	0	0	0	0	0	0	0	0	0
335	15	352	0	0	0	0	0	0	0	0	0	0	0	0
														
pl 2														
0	0	0	0	0	0	0	3719	0	8	4	6	0	0	0
0	0	0	0	0	0	8	777	866	29	6529	1255	2	5	0
0	0	401	0	386	8	13	2	82	2230	5721	303	805	0	0
0	0	0	0	0	538	53	79	428	7891	4688	2373	0	0	0
0	0	0	0	451	35	6151	37	2318	3999	2163	7	0	0	0
0	0	0	0	0	574	295	1635	2998	2530	30	206	0	0	0
0	0	0	0	0	0	1555	175	4685	7	41	0	0	0	0
0	0	0	0	0	0	0	607	0	108	0	0	0	0	0
0	0	0	0	0	0	65	3	108	0	3	0	0	0	0
0	0	0	0	0	0	0	5	0	0	0	0	0	0	0
0	0	0	0	0	0	0	0	0	0	0	0	0	0	0
0	0	0	0	0	0	0	0	0	0	0	0	0	0	0
0	0	0	0	0	0	0	0	0	0	0	0	0	0	0
0	0	0	0	0	0	0	0	0	0	0	0	0	0	0
0	0	0	0	0	0	0	0	0	0	0	0	0	0	0
														
pl 3														
0	0	0	0	0	0	0	0	0	0	0	0	0	0	0
0	0	0	0	0	0	0	0	0	0	0	0	0	0	0
0	0	0	0	0	0	0	0	0	0	0	0	0	0	0
0	0	0	0	0	0	0	0	0	0	0	0	0	0	0
0	0	0	0	0	0	0	0	0	0	0	0	0	0	0
0	0	0	0	0	0	0	0	0	0	0	0	0	0	0
0	0	0	0	0	0	0	0	0	0	0	0	0	0	0
0	0	0	0	0	0	0	0	0	0	0	0	0	0	0
0	0	0	0	0	0	0	0	0	22	302	0	0	0	0
0	0	0	0	0	0	0	0	26	20	14	0	0	0	11636
0	0	0	0	0	0	0	0	0	0	0	49	0	13763	3
0	0	0	0	0	0	69	0	594	0	134	0	620	4	3038
0	0	0	0	0	12	10	13	0	588	0	752	80	4984	527
0	0	0	0	0	2	110	0	19	0	15697	71	223	75	9
0	0	0	0	0	8	0	0	0	8944	2027	3176	421	1267	891
														
pl 4														
0	0	0	0	0	0	0	0	0	0	0	0	57	0	6
0	0	0	0	0	0	0	0	0	0	0	12	0	11	0
0	0	0	0	0	0	0	0	0	0	18	18	170	15	1179
0	0	0	0	0	0	0	0	0	0	0	444	1487	567	0
0	0	0	0	0	0	0	0	0	0	328	2827	3845	7597	408
0	0	0	0	0	0	0	0	0	0	1727	15373	2181	847	251
0	0	0	0	0	0	0	0	5	386	6073	7160	1736	40	4311
0	0	0	0	0	0	0	0	9	737	126	1617	549	15	1674
0	0	0	0	0	0	0	2	14	0	5135	3	406	0	0
0	0	0	0	0	0	0	0	0	17	4	192	1	1	0
0	0	0	0	0	0	0	0	0	0	7	0	12	0	0
0	0	0	0	0	0	0	0	0	1	0	0	0	0	0
0	0	0	0	0	0	0	0	0	0	0	0	0	0	0
0	0	0	0	0	0	0	0	0	0	0	0	0	0	0
0	0	0	0	0	0	0	0	0	0	0	0	399	0	0
														
pl 5														
0	0	0	0	0	0	0	0	0	0	0	0	0	0	0
0	0	0	0	0	0	0	0	0	0	0	0	0	0	0
0	0	0	0	0	0	0	0	0	0	0	0	0	0	0
0	0	0	0	0	0	0	0	0	0	0	0	0	0	0
0	0	0	0	0	0	0	0	0	0	0	0	0	0	0
0	0	0	0	0	11	0	131	0	0	0	0	0	0	0
0	0	0	0	0	0	16	13	53	0	0	0	0	0	0
0	0	0	0	0	81	12	443	1	4	0	0	0	0	0
0	0	0	0	38	11	1875	1452	2991	0	0	0	0	0	0
0	0	0	113	0	1471	1224	775	1993	745	0	0	0	0	0
0	0	0	0	1071	1290	3251	73	7225	21	433	0	0	0	0
0	0	0	2189	1894	8403	1598	818	10	372	0	0	0	0	0
0	0	7	564	6514	4201	538	1	19	0	0	0	406	0	0
0	415	0	1415	5930	258	13	52	381	0	0	0	0	0	0
0	0	0	29	65	538	400	6153	0	0	0	0	0	0	0
														
period 6														
pl 0														
932	54	366	191	6386	704	544	0	0	0	0	0	0	0	0
803	226	14	200	1057	11339	3	3761	1207	0	0	0	0	0	0
105	574	69	60	860	0	161	1	1	24	85	13	3	0	0
99	1888	10	1268	0	695	3	534	0	0	0	0	0	0	0
7450	183	8171	70	2659	8	448	0	0	0	8	0	0	0	0
9059	3919	3	244	7	7	21	0	0	0	0	0	0	0	0
2978	3	90	0	188	46	5	0	0	0	0	0	0	0	0
0	80	0	0	109	4	0	0	0	0	0	0	0	0	0
0	0	0	0	0	0	0	0	0	0	0	0	0	0	0
0	0	0	0	0	0	0	0	0	0	0	0	0	0	0
0	0	0	0	0	0	0	0	0	0	0	0	0	0	0
0	0	0	0	0	0	0	0	0	0	0	0	0	0	0
0	0	0	0	0	0	0	0	0	0	0	0	0	0	0
0	0	0	0	0	0	0	0	0	0	0	0	0	0	0
0	0	0	0	0	0	0	0	0	0	0	0	0	0	0
														
pl 1														
0	0	0	0	0	0	0	0	0	0	0	0	0	0	0
0	0	0	0	0	0	0	0	0	0	0	0	0	0	0
0	1	0	0	0	0	0	0	0	0	0	0	0	0	0
0	0	0	0	5	0	0	0	0	0	0	0	0	0	0
0	0	0	95	0	4	0	0	0	0	0	0	0	0	0
0	0	2	14	268	5	62	0	1	0	0	0	0	0	0
0	0	240	265	90	3974	22	16	0	0	0	0	0	0	0
5251	58	592	447	3252	880	39	17	32	0	0	0	0	0	0
152	371	681	1380	3384	2858	340	59	0	2	0	0	0	0	0
410	157	960	3945	5095	1750	1083	7	28	0	0	0	0	0	0
7	1956	2930	2917	2974	1826	56	122	0	0	0	0	0	0	0
554	7206	658	3436	2364	61	34	2	0	0	0	0	0	0	0
1	1298	967	1116	9	143	0	2	0	0	0	0	0	0	0
116	105	154	13	0	0	1	0	0	0	0	0	0	0	0
277	68	42	291	0	0	0	0	0	0	0	0	0	0	0
														
pl 2														
0	0	0	0	0	0	0	11575	0	35	29	29	4	5	0
0	0	0	0	0	0	10	771	816	271	1144	5094	485	2	15
0	0	0	380	5	8	10	19	83	1024	1881	3924	293	219	0
0	0	401	0	98	2	64	105	924	1523	5507	920	170	0	0
0	364	0	74	13	539	361	880	2400	2692	3170	1859	30	91	0
0	0	0	0	4	0	4902	887	1524	928	1342	142	81	0	1
0	0	0	0	0	544	255	777	1524	1545	383	194	0	0	0
0	0	0	0	0	10	128	486	1938	1115	177	0	0	0	0
0	0	0	0	0	9	8	477	72	106	0	0	0	0	0
0	0	0	0	0	0	12	4	95	0	10	0	0	0	0
0	0	0	0	0	0	0	1	0	0	0	0	0	0	0
0	0	0	0	0	0	0	0	0	0	1	0	0	0	0
0	0	0	0	0	0	0	0	0	0	0	0	0	0	0
0	0	0	0	0	0	0	0	0	0	0	0	0	0	0
0	0	0	0	0	0	0	0	0	0	0	0	0	0	0
														
pl 3														
0	0	0	0	0	0	0	0	0	0	0	0	0	0	0
0	0	0	0	0	0	0	0	0	0	0	0	0	0	0
0	0	0	0	0	0	0	0	0	0	0	0	0	0	0
0	0	0	0	0	0	0	0	0	0	0	0	0	0	0
0	0	0	0	0	0	0	0	0	0	0	0	0	0	0
0	0	0	0	0	0	0	0	0	0	0	0	0	0	0
0	0	0	0	0	0	0	0	0	0	0	0	0	0	0
0	0	0	0	0	0	0	0	0	5	256	0	0	38	0
0	0	0	0	0	0	0	0	5	66	20	0	421	12	2074
0	0	0	0	0	0	0	26	0	9	0	513	12	3064	8613
0	0	0	0	0	0	12	0	117	0	2807	38	6253	139	6837
0	0	0	0	0	28	16	858	0	3092	76	210	352	2516	423
0	0	0	0	12	0	78	0	508	47	1021	95	1294	1819	1
0	0	0	0	0	15	57	5249	35	11830	401	139	135	66	3
0	0	0	0	0	0	0	0	493	1178	4011	367	886	448	904
														
pl 4														
0	0	0	0	0	0	0	0	0	1	0	48	0	70	0
0	0	0	0	0	0	0	0	0	0	17	0	71	43	207
0	0	0	0	0	0	0	0	0	6	0	275	402	1313	13
0	0	0	0	0	0	0	0	0	0	266	1668	1285	702	390
0	0	0	0	0	0	0	0	0	110	2082	6444	5766	1437	250
0	0	0	0	0	0	0	0	55	743	6783	6191	3629	1181	4110
0	0	0	0	0	0	0	26	94	1354	5347	3451	687	219	92
0	0	0	0	0	0	1	22	132	589	1274	356	465	19	4624
0	0	0	0	0	0	0	9	369	4101	78	13	374	42	0
0	0	0	0	0	0	0	0	114	8	148	4	2	0	0
0	0	0	0	0	0	0	0	0	5	4	11	0	1	0
0	0	0	0	0	0	0	0	0	0	3	0	0	0	0
0	0	0	0	0	0	0	0	0	0	0	1	0	0	0
0	0	0	0	0	0	0	0	0	0	4	0	0	0	0
0	0	0	0	0	0	0	0	0	0	0	0	399	0	0
														
pl 5														
0	0	0	0	0	0	0	0	0	0	0	0	0	0	0
0	0	0	0	0	0	0	0	0	0	0	0	0	0	0
0	0	0	0	0	0	0	0	0	0	0	0	0	0	0
0	0	0	0	0	0	0	0	0	0	0	0	0	0	0
0	0	0	0	0	0	0	1	2	0	0	0	0	0	0
0	0	1	0	1	0	33	180	32	0	0	0	0	0	0
0	0	0	9	0	43	64	70	15	54	0	0	0	0	0
0	0	0	0	69	146	596	457	370	29	98	0	0	0	0
0	0	0	130	88	807	1196	713	1379	540	0	8	0	0	0
1	0	38	7	519	1419	2876	141	3818	203	144	0	0	0	0
0	0	6	727	670	4430	2061	2128	187	1311	15	18	8	358	0
0	0	43	821	3565	3196	2050	157	307	0	4	0	406	0	0
0	7	48	3276	2957	1665	1147	181	10	39	0	0	0	0	0
0	0	618	4816	752	818	224	88	388	1	0	0	0	0	0
0	353	180	425	574	144	407	12117	0	0	0	0	0	0	0
														
period 7														
pl 0														
902	155	361	10	84	5639	785	0	0	0	0	0	3	0	0
929	25	23	133	1328	1263	2970	58	4321	0	1	0	0	0	0
4	100	1	27	135	5936	56	191	822	38	347	26	0	0	0
48	591	686	67	438	19	1765	151	134	0	2	0	0	0	0
498	3422	9	1821	162	2447	0	711	0	9	1	7	0	0	0
1661	8774	10559	1098	2769	0	156	21	0	0	0	0	0	0	0
311	2027	144	1139	7	202	2	2	0	0	0	0	0	0	0
0	288	593	73	221	36	1	0	0	0	0	0	0	0	0
0	205	1	1	30	0	0	0	0	0	0	0	0	0	0
0	0	16	0	0	0	0	0	0	0	0	0	0	0	0
0	2	0	0	0	0	0	0	0	0	0	0	0	0	0
0	0	0	0	0	0	0	0	0	0	0	0	0	0	0
0	0	0	0	0	0	0	0	0	0	0	0	0	0	0
0	0	0	0	0	0	0	0	0	0	0	0	0	0	0
0	0	0	0	0	0	0	0	0	0	0	0	0	0	0
														
pl 1														
0	0	0	0	0	0	0	0	0	0	0	0	0	0	0
0	0	0	0	0	0	0	0	0	0	0	0	0	0	0
0	0	1	1	0	0	0	0	0	0	0	0	0	0	0
0	0	0	1	4	2	0	0	0	0	0	0	0	0	0
0	0	1	7	13	14	0	0	1	0	0	0	0	0	0
0	0	12	1	12	107	13	63	6	0	0	0	0	0	0
0	17	25	105	348	32	160	59	33	0	0	0	0	0	0
12358	49	708	672	163	4379	363	289	15	8	0	0	0	0	0
52	397	543	1065	1647	2191	846	81	38	1	0	0	0	0	0
447	323	1466	1512	2729	3247	601	359	4	25	0	0	0	0	0
102	734	1575	3025	2506	1322	1070	102	36	0	1	0	0	0	0
86	2420	2308	1685	2324	796	136	78	1	1	0	0	0	0	0
350	3894	754	2383	1705	37	73	30	91	0	0	0	0	0	0
1	1317	228	230	41	49	0	3	0	0	0	0	0	0	0
415	34	88	22	324	0	7	0	0	0	0	0	0	0	0
														
pl 2														
0	0	0	0	0	0	794	18736	3	19	30	956	26	6	1
0	0	0	0	0	7	8	774	25	681	706	1689	2429	352	0
58	0	0	3	5	8	26	30	305	979	1719	662	1091	281	0
0	0	5	101	0	5	73	389	1040	1254	1276	2743	919	403	53
0	364	469	2	132	81	645	136	518	1679	2060	2307	606	16	1
0	0	0	213	4	599	170	994	665	1502	1593	1529	116	17	0
0	0	0	0	21	13	3912	393	552	1060	646	220	233	2	0
0	0	0	1	5	513	133	661	1140	1388	442	126	0	4	0
0	0	0	0	0	34	244	160	282	285	161	6	0	0	0
0	0	0	0	0	1	1	41	30	109	19	1	0	0	0
0	0	0	0	0	0	1	22	13	10	0	0	0	0	0
0	0	0	0	0	0	0	1	26	0	0	0	0	0	0
0	0	0	0	0	0	0	0	0	0	0	0	0	0	0
0	0	0	0	0	0	0	0	0	0	0	0	0	0	0
0	0	0	0	0	0	0	0	0	0	0	0	0	0	0
														
pl 3														
0	0	0	0	0	0	0	0	0	0	0	0	0	0	0
0	0	0	0	0	0	0	0	0	0	0	0	0	0	0
0	0	0	0	0	0	0	0	0	0	0	0	0	0	0
0	0	0	0	0	0	0	0	0	0	0	0	0	0	0
0	0	0	0	0	0	0	0	0	0	0	0	0	0	0
0	0	0	0	0	0	0	0	0	0	0	0	74	0	9
0	0	0	0	0	0	0	0	0	0	116	141	1	329	0
0	0	0	0	0	0	0	0	2	151	50	77	525	1009	0
0	0	0	0	0	0	0	0	0	23	24	819	73	1431	43
0	0	0	0	0	0	19	0	125	2	2272	81	8948	7795	2593
0	0	0	0	0	17	0	379	53	2266	576	903	509	3568	432
0	0	0	0	13	2	645	596	3004	457	859	217	1851	1437	69
0	0	0	0	1	80	135	820	160	5511	249	41	20	477	0
0	0	0	0	12	2	3960	285	4728	625	557	155	944	7	2
0	0	0	0	0	0	31	0	790	3602	622	52	78	463	1006
														
pl 4														
0	0	0	0	0	0	0	0	42	0	33	1	17	28	40
0	0	0	0	0	0	0	0	0	4	129	63	74	281	50
0	0	0	0	0	0	0	0	7	2	312	800	949	914	379
0	0	0	0	0	0	0	0	41	236	1037	3883	2931	796	122
0	0	0	0	0	0	12	1	113	993	4663	5102	2963	1206	2621
0	0	0	0	0	0	0	82	607	2074	3139	2032	1848	2119	247
0	0	0	0	0	0	5	23	809	1605	2115	2288	638	138	112
0	0	0	0	0	16	1	63	159	3140	977	739	483	125	10888
0	0	0	0	0	0	10	8	915	60	667	13	442	7	0
0	0	0	0	0	1	2	11	17	51	9	2	1	0	0
0	0	0	0	0	0	0	3	8	4	15	1	0	0	16
0	0	0	0	0	0	0	0	5	1	8	0	0	1	0
0	0	0	0	0	0	0	0	0	0	5	0	0	0	0
0	0	0	0	0	0	0	0	0	1	0	0	0	0	0
0	0	0	0	0	0	0	0	0	0	0	0	399	0	0
														
pl 5														
0	0	0	0	0	0	0	0	0	0	0	0	0	0	0
0	0	0	0	0	0	0	0	0	0	0	0	0	0	0
0	0	0	0	0	0	0	0	0	0	0	0	0	0	0
0	0	0	6	0	0	0	1	0	0	0	0	0	0	0
0	0	0	0	0	0	15	2	8	1	0	0	0	0	0
0	0	0	0	4	11	56	64	180	7	1	0	0	0	0
2	0	0	11	29	156	183	123	155	72	0	1	0	0	0
0	2	0	77	69	282	689	1036	295	455	4	1	0	0	0
0	1	63	22	344	584	1266	168	3360	85	66	7	0	0	0
2	9	8	680	999	1241	1966	1122	206	1456	25	151	0	0	0
0	48	146	932	2350	1539	2645	563	424	129	25	18	240	358	0
4	41	629	2137	2962	1007	747	640	40	16	3	174	0	0	0
61	48	656	1153	1027	1493	1956	98	49	10	0	0	0	0	0
1	806	1897	1187	1651	1119	229	102	398	72	1	0	0	0	0
0	98	388	974	151	151	530	17965	83	0	0	0	0	0	0
														
period 8														
pl 0														
1121	52	371	5	109	165	3008	0	17	1	0	0	0	0	0
843	150	14	96	212	1594	1553	852	345	875	0	0	3	0	0
80	27	28	2	277	141	2067	103	4339	27	70	13	14	0	0
11	82	8	676	126	7003	214	926	755	24	290	0	0	0	0
847	630	554	232	1028	180	1855	305	512	33	8	0	7	0	0
87	3129	462	3091	7190	3558	28	452	29	0	0	0	0	0	0
341	697	8511	245	1630	66	482	0	21	0	0	0	0	0	0
0	404	1166	1638	101	127	0	4	0	0	0	0	0	0	0
25	98	784	9	259	31	1	0	0	0	0	0	0	0	0
0	310	4	49	0	0	0	0	0	0	0	0	0	0	0
0	42	48	0	0	0	0	0	0	0	0	0	0	0	0
0	1	0	0	0	0	0	0	0	0	0	0	0	0	0
0	0	0	0	0	0	0	0	0	0	0	0	0	0	0
0	0	0	0	0	0	0	0	0	0	0	0	0	0	0
0	0	0	0	0	0	0	0	0	0	0	0	0	0	0
														
pl 1														
0	0	0	0	0	0	0	0	0	0	0	0	0	0	0
0	0	0	1	1	1	0	0	0	0	0	0	0	0	0
0	0	2	1	1	1	0	0	1	0	0	0	0	0	0
0	0	1	1	1	1	3	0	0	0	0	0	0	0	0
0	0	9	0	1	12	13	6	6	0	0	0	0	0	0
0	0	10	9	37	11	93	28	69	0	0	0	0	0	0
11	13	24	37	19	296	40	159	84	1	1	0	0	0	0
17166	188	201	380	934	293	1191	338	142	10	1	0	0	0	0
321	378	362	911	1578	3020	939	337	34	21	0	0	0	0	0
514	284	760	1050	2198	1664	1327	146	219	33	5	0	0	0	0
73	624	784	1587	2174	1163	490	649	47	17	49	1	0	0	0
244	845	998	1987	1850	1286	629	449	91	1	0	0	0	0	0
323	2452	3604	1347	2301	1697	79	56	35	103	0	0	0	0	0
116	687	1292	482	390	28	144	0	0	0	0	0	0	0	0
277	161	26	136	30	242	4	0	0	0	0	0	0	0	0
														
pl 2														
0	1	0	0	1	0	1353	22879	30	42	328	167	180	21	0
0	364	0	0	1	1	11	783	122	974	1000	331	1749	1468	127
0	0	0	4	5	10	21	734	819	1080	691	879	1108	874	47
3	0	71	0	1	3	138	234	400	733	1452	1128	835	520	109
0	8	7	39	18	104	257	456	298	709	1810	1836	1388	300	16
49	0	359	2	177	68	221	169	1144	929	1894	1309	355	20	37
0	0	1	19	5	717	256	179	628	1077	1141	891	125	47	0
0	0	3	14	47	40	2085	231	816	288	333	144	141	1	0
0	0	0	1	19	428	22	316	296	390	154	154	3	4	0
0	0	0	0	4	4	288	261	69	207	185	9	1	0	0
0	0	0	0	0	1	11	10	29	53	3	7	0	0	0
0	0	0	0	0	0	3	0	1	1	0	0	0	0	0
0	0	0	0	0	0	0	0	26	0	0	0	0	0	0
0	0	0	0	0	0	0	0	0	0	0	0	0	0	0
0	0	0	0	0	0	0	0	0	0	0	0	0	0	0
														
pl 3														
0	0	0	0	0	0	0	0	0	0	0	0	0	0	0
0	0	0	0	0	0	0	0	0	0	0	0	0	0	0
0	0	0	0	0	0	0	0	0	0	0	0	0	0	0
0	0	0	0	0	0	0	0	0	0	0	0	0	1	0
0	0	0	0	0	0	0	0	0	0	3	0	23	1	0
0	0	0	0	0	0	0	0	0	0	97	79	7	446	0
0	0	0	0	0	0	0	0	1	66	220	11	550	162	9
0	0	0	0	0	0	0	1	53	113	155	626	1028	1189	0
0	0	0	0	0	0	4	1	206	98	985	163	6884	1287	584
0	0	0	0	0	32	1	374	73	2429	6499	2268	562	3030	422
0	0	0	0	11	0	361	219	1736	741	1485	416	1746	1599	355
0	0	0	2	1	269	323	2187	383	6243	247	597	705	153	19
0	0	0	0	34	21	2428	613	2549	424	427	21	144	380	5
0	3	0	3	3	1476	1398	1044	626	821	208	102	353	561	1
0	0	0	0	0	32	623	0	2063	250	506	46	89	449	1756
														
pl 4														
0	0	0	0	0	0	0	0	2	19	2	99	35	87	49
0	0	0	0	0	0	1	0	7	129	110	204	312	19	4
0	0	0	0	0	0	0	12	7	230	956	1979	2748	707	377
0	0	0	0	0	0	0	40	189	735	3446	1958	2078	549	1237
0	0	0	0	0	0	0	46	353	2116	3455	2520	1938	1633	140
0	0	0	0	0	0	24	108	1018	1250	2075	1732	1644	307	355
0	0	0	0	0	1	4	227	470	2882	1462	729	287	219	226
0	0	0	0	0	0	19	149	462	514	599	954	1050	117	18239
0	0	0	0	0	22	26	412	46	61	95	473	379	71	8
0	0	0	0	1	0	46	9	71	36	59	15	8	0	3
0	0	0	0	0	2	0	27	3	21	3	4	12	0	0
0	0	0	0	0	0	0	0	2	2	7	0	1	1	0
0	0	0	0	0	0	0	1	0	1	2	0	0	0	0
0	0	0	0	0	0	0	0	0	1	0	1	2	0	16
0	0	0	0	0	0	0	0	0	0	0	0	399	0	0
														
pl 5														
0	0	0	0	0	0	0	0	0	0	0	0	0	0	0
0	0	0	0	0	0	8	0	0	0	0	0	0	0	0
0	0	0	0	0	0	0	0	0	0	0	0	0	0	0
0	0	6	0	2	3	0	1	5	174	0	0	0	0	0
0	0	0	0	0	2	9	192	1	5	2	0	0	0	0
0	0	3	12	95	53	37	49	185	9	4	1	0	0	0
2	2	0	3	108	158	52	280	46	252	3	5	0	1	0
0	1	8	14	276	454	501	491	1970	68	128	1	7	0	0
2	45	0	189	494	1170	439	1334	312	884	22	1	2	0	0
4	0	126	466	1482	1145	1875	243	220	58	53	4	275	0	0
6	61	1080	1067	1432	1684	600	1191	272	51	14	206	0	0	0
26	87	1033	1998	1721	956	1181	589	190	11	2	0	0	0	0
5	714	538	797	1938	1632	1063	310	106	36	1	0	0	0	0
7	1688	841	733	586	1468	474	339	636	12	29	18	8	359	0
0	478	182	44	1708	108	2175	17754	1116	38	67	0	0	0	0
														
period 9														
pl 0														
3151	59	361	13	10	176	1198	0	34	31	0	8	0	0	0
832	27	57	148	171	235	2477	415	862	103	799	0	0	3	0
52	92	1	130	57	307	1227	1465	331	1852	48	14	1	14	0
37	38	61	92	659	185	3603	422	1713	14	30	134	0	0	0
433	450	101	332	787	4713	528	1313	869	324	169	9	0	7	0
64	607	1100	1070	2768	3066	2288	335	403	51	14	0	0	0	0
306	4602	698	2614	1975	3068	236	925	11	7	0	0	0	0	0
0	211	2168	279	1931	157	240	0	69	0	2	0	0	0	0
85	233	733	1272	616	247	1	6	0	0	0	0	0	0	0
83	57	626	33	393	24	5	0	0	0	0	0	0	0	0
4	103	97	104	3	8	0	1	0	0	0	0	0	0	0
0	2	173	0	2	0	0	0	0	0	0	0	0	0	0
0	38	0	1	0	0	0	0	0	0	0	0	0	0	0
0	0	1	0	0	0	0	0	0	0	0	0	0	0	0
0	0	0	0	0	0	0	0	0	0	0	0	0	0	0
														
pl 1														
0	0	0	0	0	1	2	0	0	0	0	0	0	0	0
0	0	6	0	1	0	0	0	0	0	0	0	0	0	0
0	0	1	4	6	0	1	1	1	3	0	0	0	0	0
0	0	0	1	1	3	1	1	2	0	1	0	0	0	0
6	0	9	2	8	7	9	8	12	4	0	0	0	0	0
7	2	5	3	4	155	23	35	18	11	0	0	0	0	0
34	28	63	13	80	94	126	38	130	35	0	0	0	0	0
22082	647	302	252	451	743	294	842	166	137	17	3	0	0	0
908	560	206	475	1209	969	692	288	173	13	9	0	0	0	0
610	399	1104	1128	810	2004	891	435	74	127	17	2	0	0	0
179	612	1085	1119	1167	1201	574	334	80	22	8	45	0	0	0
117	1134	712	1134	2138	2342	578	611	436	61	5	16	0	0	0
68	746	1286	2750	1853	1306	471	190	55	23	105	0	0	0	0
273	351	736	888	558	205	24	100	22	104	0	0	0	0	0
438	461	759	79	223	22	149	0	0	0	0	0	0	0	0
														
pl 2														
0	0	0	0	22	8	2135	22277	1226	216	870	28	315	33	10
1	364	0	1	3	44	1042	1486	338	1779	764	650	311	1748	123
0	0	67	3	8	12	132	141	452	502	1100	999	377	1349	171
0	0	5	2	0	12	89	309	383	503	1186	1341	677	796	59
0	0	1	2	63	58	227	99	551	410	565	904	1681	512	27
1	7	49	59	10	160	71	399	417	801	1442	1254	1032	165	57
5	4	289	2	70	97	236	157	394	691	1036	937	385	25	29
0	0	9	26	82	975	196	358	99	1005	623	424	173	36	0
0	2	9	3	55	21	1205	59	119	97	161	290	108	6	1
0	0	2	5	44	382	37	181	205	163	200	115	8	12	0
0	0	0	1	1	7	203	45	66	137	46	11	47	0	0
0	0	0	0	1	0	1	0	5	29	12	4	0	0	0
0	0	0	0	0	6	0	9	5	12	1	0	0	0	0
0	0	0	0	0	0	5	0	0	0	0	0	0	0	0
0	0	0	0	0	0	0	0	0	0	0	0	0	0	0
														
pl 3														
0	0	0	0	0	0	0	0	0	0	0	0	0	0	0
0	0	0	0	0	0	0	0	0	0	0	0	0	0	0
0	0	0	0	0	0	0	0	0	0	0	9	0	0	0
0	0	0	0	0	0	0	0	0	0	15	0	18	2	2
0	0	0	0	0	0	0	0	0	12	0	38	31	256	43
0	0	0	0	0	0	1	0	4	94	347	21	502	62	12
0	0	0	0	0	0	0	5	11	161	88	569	796	764	7
0	0	0	0	0	0	0	204	238	286	1245	139	2345	419	0
0	0	0	0	0	19	6	160	78	2216	1353	2906	1094	3845	457
0	0	0	0	20	5	315	253	2027	4389	2451	559	1800	1700	80
0	0	0	8	3	312	210	1549	517	3297	838	958	785	214	71
0	0	2	30	107	252	2109	773	3438	690	605	206	175	8	879
0	0	0	46	15	981	1604	1216	753	524	188	183	10	429	0
0	0	4	14	1388	399	1730	501	1751	220	330	112	369	9	3
0	0	0	20	27	29	57	0	214	165	427	60	80	444	3383
														
pl 4														
0	0	0	0	0	0	0	0	32	135	127	64	71	125	46
0	0	0	0	0	1	2	1	5	79	298	480	255	62	66
0	0	0	0	0	0	56	2	256	662	3147	1413	2241	438	709
0	0	0	0	0	0	6	164	367	2246	2421	1429	1728	1032	159
0	0	0	0	0	23	15	47	957	709	1830	2662	2040	1070	164
0	0	0	0	0	7	3	206	883	1442	1878	1547	644	559	155
0	0	0	0	0	4	62	155	453	467	889	318	414	262	1475
0	0	0	0	0	5	110	995	274	214	1058	432	554	976	20908
0	0	0	1	0	2	236	44	121	93	112	30	1145	73	107
0	0	0	0	0	15	5	19	19	52	30	10	2	22	8
0	0	0	0	0	0	12	23	25	34	6	0	1	0	14
0	0	0	0	0	1	0	2	2	4	1	105	0	0	0
0	0	0	0	0	0	1	1	1	0	0	1	1	1	0
0	0	0	0	0	0	0	0	1	1	1	5	2	16	0
0	0	0	0	0	0	0	0	0	1	1	0	399	0	0
														
pl 5														
0	0	0	0	0	0	8	0	0	0	0	0	0	0	0
0	0	0	0	0	0	0	0	0	0	0	0	0	0	0
0	0	6	0	4	0	3	1	0	183	0	0	0	0	0
0	0	11	0	0	1	0	192	6	5	1	0	0	0	0
0	0	0	0	14	8	10	14	123	13	1	1	0	0	0
0	2	1	26	23	115	16	113	45	27	7	1	0	2	0
0	2	13	30	122	32	323	43	797	26	96	0	10	0	0
0	4	9	39	296	139	56	211	96	855	8	62	10	4	0
0	0	131	633	1018	606	1302	225	528	101	65	2	46	0	0
0	51	367	540	572	1559	523	746	168	67	15	77	4	195	0
31	133	954	1685	1758	1177	1334	640	302	48	134	0	8	0	0
15	1012	802	1617	1033	1536	367	861	96	15	8	0	0	0	0
67	1625	500	1336	1135	1151	896	436	158	13	24	0	0	0	0
70	897	389	428	1631	1258	1924	854	839	138	72	18	8	358	0
15	236	21	264	1110	493	1200	18227	2533	38	263	1	0	1	0
														
period 10														
pl 0														
4957	54	364	6	17	86	287	0	96	78	49	0	8	0	0
842	19	13	14	153	245	853	818	440	455	202	551	0	3	0
52	24	27	42	148	169	2013	604	1262	1132	174	23	2	15	0
14	64	38	224	122	590	1127	2697	579	1242	23	18	134	0	0
457	26	310	705	798	1259	2831	410	2073	123	268	14	15	7	0
24	393	95	841	790	2222	1023	1756	1046	607	157	6	0	0	0
3226	616	1004	778	2104	1869	2483	201	648	40	60	2	0	0	0
0	1307	605	1460	920	2687	457	428	35	39	2	0	0	0	0
45	168	953	317	1351	317	289	13	104	0	0	0	0	0	0
12	190	449	1019	347	444	178	5	0	0	0	0	0	0	0
49	33	380	191	162	29	21	0	0	0	0	0	0	0	0
16	98	36	86	3	5	0	2	0	0	0	0	0	0	0
6	2	223	1	6	0	1	0	0	0	0	0	0	0	0
1	10	2	1	0	0	0	0	0	0	0	0	0	0	0
0	0	39	0	0	0	0	0	0	0	0	0	0	0	0
														
pl 1														
0	0	1	1	0	0	2	0	0	0	0	0	0	0	0
0	0	1	5	1	0	0	1	0	0	0	0	0	0	0
0	0	1	1	9	5	1	0	2	1	0	0	0	0	0
0	6	3	0	5	2	1	4	0	3	0	0	0	0	0
33	4	2	2	69	121	7	6	5	13	0	0	0	0	0
30	15	19	6	8	64	31	17	20	8	1	0	0	0	0
246	61	72	39	58	137	45	242	27	58	2	3	0	0	0
19319	1246	341	746	316	178	552	107	313	176	105	14	1	0	0
2789	724	876	901	417	478	427	407	112	220	10	9	0	0	0
773	930	543	1026	704	552	513	446	178	48	122	4	2	0	0
1648	624	666	1153	952	1155	498	431	161	58	22	1	2	0	0
427	212	922	830	1791	2149	1249	1413	247	27	139	3	14	0	1
59	597	760	1614	2220	2141	500	262	246	53	23	14	0	0	0
21	417	524	1213	1235	201	306	48	48	0	1	0	0	0	0
472	92	1044	240	210	218	170	0	0	104	0	0	0	0	0
														
pl 2														
0	0	0	10	29	22	865	19986	2588	1066	1626	452	222	172	32
0	0	69	1	381	247	1855	1285	929	1100	1683	313	531	260	158
0	1	2	5	7	48	1286	228	690	455	492	987	547	712	572
0	1	5	0	8	8	88	546	683	340	768	1282	959	740	113
0	0	1	2	24	62	194	167	185	637	544	1198	984	1203	30
1	0	4	0	149	29	211	105	411	470	782	1471	1296	593	12
1	1	7	237	28	28	178	224	401	401	572	1113	460	186	50
0	5	117	22	30	40	177	71	208	304	739	189	171	82	0
1	6	4	11	72	353	52	876	224	177	566	425	313	57	0
0	10	15	9	19	44	326	30	99	69	158	258	89	14	1
0	1	0	7	7	182	26	226	38	123	198	109	9	4	0
0	0	1	1	1	3	235	4	27	6	30	27	49	1	0
0	0	0	0	7	76	0	0	8	16	20	3	1	0	0
0	0	0	0	0	4	2	0	1	4	0	0	0	0	0
0	0	0	0	0	0	0	0	3	0	0	0	0	0	0
														
pl 3														
0	0	0	0	0	0	0	0	0	0	0	0	9	1	0
0	0	0	0	0	0	0	0	0	0	0	3	0	7	0
0	0	0	0	0	0	0	0	0	0	13	0	18	0	1
0	0	0	0	0	0	0	0	0	25	2	73	24	63	43
0	0	0	0	0	0	0	0	3	11	14	46	394	36	43
0	0	0	0	0	1	0	1	83	251	28	472	93	385	7
0	0	0	0	0	0	4	5	125	284	782	906	982	162	242
0	0	0	0	0	39	6	266	86	2072	778	1706	972	1324	0
0	0	0	0	16	13	218	188	2392	1639	1721	698	1631	2092	1571
0	0	0	1	17	693	293	1704	1563	2394	934	1011	912	133	29
0	0	2	13	133	111	1104	479	1774	1305	1216	301	342	237	44
0	1	32	43	132	1037	567	2150	1170	996	425	546	32	449	118
0	0	23	60	270	1207	1732	485	989	554	318	54	31	379	400
0	5	4	1167	324	682	723	1353	357	403	148	30	351	15	108
0	0	0	7	34	114	134	0	280	59	422	51	80	455	6679
														
pl 4														
0	0	0	0	0	0	0	0	6	222	112	298	171	106	113
0	0	0	0	1	0	1	1	48	146	665	279	248	103	40
0	0	0	0	0	56	2	34	261	1854	2205	2666	1390	849	107
0	0	0	0	0	22	22	86	1048	1088	1848	1994	897	768	275
0	0	0	1	10	3	16	243	595	728	1747	1399	1787	737	239
0	0	0	0	7	4	94	249	812	439	972	628	1131	781	1116
0	0	1	0	1	32	31	145	318	367	304	634	423	551	2248
0	0	0	1	0	40	375	202	165	218	350	1044	1101	1733	21955
0	0	0	13	4	130	18	694	97	174	602	162	407	340	340
0	0	0	0	3	9	17	13	44	34	20	11	20	22	127
0	0	0	0	0	17	10	11	7	8	26	10	3	4	4
0	0	0	0	0	0	5	2	1	36	106	1	0	2	0
0	0	0	0	0	0	0	2	1	2	0	2	1	1	0
0	0	0	0	0	0	0	2	1	1	1	1	1	0	0
0	0	0	0	0	0	0	0	0	0	1	5	415	0	0
														
pl 5														
0	2	0	0	0	0	0	0	0	0	0	0	0	0	0
0	0	0	0	0	0	0	0	4	0	0	0	0	0	0
0	4	0	5	0	3	3	185	0	176	4	0	0	0	0
0	0	2	1	5	3	9	10	117	6	1	2	0	0	0
11	2	0	13	61	28	68	27	25	81	0	6	0	4	0
0	4	42	43	72	76	306	20	645	30	10	0	10	0	0
0	12	29	36	206	233	105	405	44	193	12	14	7	18	0
0	46	171	269	188	424	950	149	238	83	81	56	37	2	0
3	6	269	360	397	646	314	316	121	102	18	97	1	2	0
24	81	523	802	797	934	1027	207	207	104	103	8	2	3	110
286	1083	1590	878	1270	1480	502	588	67	86	40	4	9	0	0
50	1061	606	1605	1242	822	1175	322	341	38	45	6	2	64	0
869	850	672	1260	1129	802	965	341	259	75	21	22	1	0	0
42	439	358	727	1383	2680	1061	708	1066	136	599	39	5	9	0
15	358	72	514	1445	440	1846	17233	2395	51	122	4	6	1	0
														
period 11														
pl 0														
7348	85	361	29	12	89	88	0	158	247	183	22	2	17	0
924	19	19	86	96	171	622	556	776	103	172	44	436	4	0
50	41	13	22	62	307	460	1773	518	645	131	78	4	19	1
16	47	14	599	183	420	1774	425	1488	1219	295	39	23	99	0
424	38	44	687	398	810	1307	1552	495	1910	96	131	44	11	0
57	18	376	153	655	982	2088	720	1267	295	415	24	14	0	0
321	361	132	3101	605	1966	1598	1666	1058	580	205	56	0	0	0
0	596	1144	902	1418	898	1727	284	784	53	77	0	0	0	0
27	1612	134	815	715	2065	501	307	41	50	0	3	0	0	0
81	284	705	253	651	310	342	178	70	1	0	0	0	0	0
8	279	200	764	427	258	4	29	0	1	0	0	0	0	0
50	16	92	92	161	22	10	0	0	0	0	0	0	0	0
5	15	16	159	2	19	0	2	0	0	0	0	0	0	0
15	3	111	14	8	1	0	0	0	0	0	0	0	0	0
3	48	3	41	0	0	0	0	0	0	0	0	0	0	0
														
pl 1														
0	0	0	3	0	0	1	0	0	0	0	0	0	0	0
0	0	2	2	36	5	0	1	2	0	0	0	0	0	0
0	1	0	0	1	1	7	1	0	1	1	0	0	0	0
2	0	4	0	6	6	2	3	3	1	1	0	0	0	0
52	19	19	12	17	50	22	7	15	8	0	0	0	0	0
41	136	17	39	18	134	32	36	7	31	4	1	1	0	0
157	259	90	108	41	60	176	35	291	5	8	2	0	0	0
18125	1628	843	646	364	116	210	354	103	190	147	38	0	0	0
1814	1070	956	528	241	238	452	195	145	97	22	23	1	0	0
2428	988	870	452	505	1063	485	578	157	128	22	105	6	0	0
736	1712	704	657	1041	514	1008	997	134	70	110	13	1	2	0
823	430	899	1249	1548	1603	1110	516	303	221	14	36	0	0	1
363	160	600	1201	2048	2170	1248	439	220	261	116	0	28	1	0
43	57	542	794	956	628	442	190	34	22	0	0	0	0	1
440	134	703	438	326	386	61	0	7	3	110	0	0	0	0
														
pl 2														
0	0	5	3	31	22	435	17547	2062	1644	2128	480	126	189	61
0	2	59	28	433	66	461	1253	1495	2306	1359	1471	343	436	80
1	0	2	4	54	257	2063	824	597	563	591	536	1095	363	137
0	0	6	5	7	21	767	924	676	462	628	678	652	1401	135
0	1	2	3	32	62	294	277	181	315	942	907	1300	973	325
3	4	3	21	13	34	93	141	292	255	518	1274	1566	459	41
0	5	0	40	271	43	87	68	464	245	972	639	830	297	25
0	2	1	77	56	68	162	143	88	218	526	566	242	111	0
36	14	5	5	33	44	100	100	175	55	300	309	161	37	31
0	4	4	17	16	338	22	616	251	112	132	323	295	53	14
6	10	1	2	44	8	192	27	212	67	104	173	99	4	2
0	0	3	4	5	126	2	87	17	83	104	103	10	5	0
0	0	1	1	3	13	105	2	1	8	19	30	3	1	0
0	0	0	0	0	5	0	0	2	2	11	1	0	0	0
0	0	0	0	0	0	122	0	5	11	1	0	0	0	0
														
pl 3														
0	0	0	0	0	0	0	0	0	0	0	0	10	7	1
0	0	0	0	0	0	0	0	0	0	13	1	24	40	1
0	0	0	0	0	0	0	0	0	5	4	52	29	48	3
0	0	0	0	0	0	0	0	6	0	28	15	100	18	31
0	0	0	0	0	1	0	1	21	93	65	457	91	220	4
0	0	0	0	2	0	5	63	248	129	522	619	570	121	230
0	0	0	0	0	14	7	194	103	743	326	790	266	825	12
0	0	0	4	43	7	147	459	1759	1031	1454	818	1297	1045	0
0	0	0	2	9	350	232	1135	1432	1872	880	2767	1766	237	51
0	0	3	13	486	186	1485	769	2057	786	1079	486	350	112	20
0	1	4	53	60	604	348	1009	972	1513	617	441	155	44	11
0	0	32	136	513	479	1372	907	940	901	526	157	306	65	514
0	25	37	195	94	444	404	1106	545	555	338	42	184	495	168
222	5	935	173	312	846	1043	289	363	181	70	76	371	63	409
0	0	2	21	112	184	353	0	93	138	452	54	83	935	11096
														
pl 4														
0	0	0	0	0	2	7	0	224	115	282	335	259	249	51
0	0	0	1	0	1	4	25	43	183	274	424	197	180	61
0	0	0	0	0	44	38	63	954	1216	2263	1545	1330	793	118
0	0	0	0	16	18	79	837	493	1976	1684	2316	1040	524	220
0	0	0	0	5	11	119	243	584	753	1093	670	866	1169	822
0	1	0	1	1	72	40	348	209	456	995	1170	980	1132	1884
0	1	0	0	18	50	64	97	261	279	342	486	798	633	2856
0	0	0	0	8	79	151	112	111	239	307	591	1393	1643	21127
0	0	0	24	90	7	57	48	68	426	186	415	561	305	424
0	0	11	5	2	29	4	81	27	50	45	35	36	182	353
0	0	0	0	1	6	10	3	12	10	32	30	6	12	44
0	0	0	0	0	1	5	4	4	109	1	6	3	4	3
0	0	0	0	0	0	3	3	4	38	1	1	1	0	0
0	0	0	0	0	0	1	0	0	0	0	0	2	0	0
0	0	0	0	0	0	0	0	0	0	0	0	415	0	0
														
pl 5														
0	0	0	0	0	0	0	0	0	0	0	0	0	0	0
0	2	0	0	0	2	0	0	0	0	0	0	0	0	0
4	0	7	0	2	0	183	5	107	174	2	1	7	0	0
0	2	1	22	18	11	5	27	12	23	0	0	0	2	1
0	16	3	192	75	107	81	13	653	7	3	1	36	3	0
0	30	33	47	89	408	82	46	22	487	13	11	0	5	0
0	24	24	164	136	117	936	146	87	40	62	24	1	0	1
0	35	242	110	228	119	223	320	53	59	28	77	2	2	0
2	147	99	467	526	699	248	141	72	57	123	12	0	0	17
10	381	1046	981	1049	393	700	218	117	59	25	49	2	1	2
85	749	1310	1752	1344	443	582	294	166	228	76	4	12	1	111
139	1144	1307	1202	712	1031	515	723	170	154	55	12	5	1	0
118	624	1049	955	961	1522	763	293	534	134	131	2	30	72	0
83	835	624	934	2034	1067	1300	851	1359	143	491	17	2	5	0
30	169	89	346	994	1014	2334	17822	1601	92	235	22	4	2	0
														
period 12														
pl 0														
8411	1204	370	395	11	67	49	0	337	34	93	11	39	3	0
990	42	53	25	124	118	255	439	737	359	108	75	32	417	1
38	32	13	15	109	134	607	596	898	680	580	55	59	19	2
88	66	8	128	757	703	506	1225	857	588	599	117	38	25	100
461	17	121	93	589	356	1339	517	983	319	917	107	93	23	6
30	50	59	522	402	847	1537	1150	610	1965	423	295	24	12	0
319	23	280	316	1694	596	1573	790	1497	437	317	32	11	0	1
0	691	222	951	595	1785	1259	1493	511	555	38	5	0	1	0
195	996	656	579	1069	751	1676	236	418	79	87	0	4	0	0
45	866	98	1191	553	979	290	403	221	85	32	2	0	0	0
88	281	611	99	751	444	237	136	7	1	9	0	0	0	0
8	74	45	294	141	114	7	9	3	6	0	0	0	0	0
51	41	94	109	65	22	16	0	2	0	0	0	0	0	0
3	11	8	199	23	10	0	0	0	0	0	0	0	0	0
19	2	135	9	5	0	0	0	0	0	0	0	0	0	0
														
pl 1														
0	0	1	2	2	1	1	0	2	0	0	0	0	0	0
0	0	2	0	5	2	1	1	1	0	0	0	0	0	0
0	0	1	0	2	1	8	2	4	2	0	0	0	0	0
7	3	1	4	5	17	15	3	3	3	0	1	0	0	0
127	28	6	40	81	20	12	17	15	26	1	0	0	0	0
113	173	57	67	26	44	133	25	48	10	4	5	1	0	0
267	218	275	86	117	90	46	58	41	187	21	40	0	0	0
15358	1736	691	595	343	129	87	63	323	34	76	32	12	0	0
3230	1184	528	875	395	205	291	292	145	79	140	33	5	0	1
1665	1253	747	794	452	304	407	334	241	76	67	14	102	0	0
2202	1109	1112	553	464	793	460	684	373	138	56	42	6	0	0
557	1465	671	870	1086	1557	1435	1297	649	221	122	26	24	0	0
147	252	670	880	2602	2364	1463	307	127	186	196	42	2	0	0
99	105	544	841	973	775	280	211	86	36	15	0	19	0	1
402	416	732	290	395	141	410	0	17	28	0	5	3	0	0
														
pl 2														
0	0	2	4	94	34	383	17542	2004	1027	1978	379	185	98	88
3	0	63	18	46	229	218	1610	1267	2197	2202	639	1188	312	139
0	7	5	40	38	34	721	699	1202	895	1100	824	534	959	54
0	1	11	30	34	56	1234	1348	354	360	860	1034	919	578	183
1	2	4	11	34	168	736	347	248	374	516	724	909	1455	39
2	2	6	12	20	56	90	138	311	228	553	1151	1896	701	53
9	10	6	10	51	57	242	199	218	275	268	718	267	369	23
0	3	4	166	145	53	40	69	249	238	675	247	212	172	0
7	4	3	33	12	41	22	115	144	154	253	621	162	75	1
35	9	1	5	18	40	47	23	160	244	784	197	370	26	31
6	6	4	58	13	385	7	115	42	189	67	148	221	59	3
1	4	3	3	11	10	52	8	104	38	97	153	91	13	1
1	2	1	1	5	107	1	44	7	72	24	57	34	8	0
0	0	0	0	6	4	86	1	8	0	2	12	1	7	0
0	0	0	76	2	21	0	0	0	0	11	1	1	3	0
														
pl 3														
0	0	0	0	0	0	0	0	0	0	2	10	29	4	14
0	0	0	0	0	0	0	0	0	2	3	13	56	41	1
0	0	0	0	0	0	0	0	0	9	43	34	48	7	49
0	0	0	0	0	1	0	1	3	119	36	133	30	100	2
0	0	0	0	0	0	1	24	95	138	300	127	362	468	103
0	0	0	3	0	13	51	220	170	442	338	1048	134	357	51
0	0	0	7	29	4	61	122	951	712	1016	326	946	603	409
0	0	0	2	11	253	134	789	1280	1243	479	1285	527	219	0
0	0	1	19	198	169	1211	999	1231	1012	1164	1546	296	177	48
0	1	11	61	117	560	578	1062	1121	1113	920	709	191	60	40
0	3	23	45	523	260	1608	439	869	639	632	244	103	47	314
0	151	116	113	171	817	1041	564	763	636	606	280	124	375	279
237	12	209	71	458	318	668	411	633	484	293	100	73	510	104
4	722	186	141	150	604	235	377	268	338	88	90	710	235	235
4	5	16	124	33	623	243	0	139	53	425	366	105	903	14954
														
pl 4														
0	0	0	1	3	6	1	0	33	86	386	249	335	377	36
0	0	0	0	3	1	73	37	328	313	407	495	350	176	58
0	0	0	1	1	79	67	195	621	2268	1650	1587	1450	422	100
0	0	0	12	5	40	269	341	1007	1043	1272	1218	1023	442	598
0	0	0	6	44	95	106	322	449	1303	649	1018	888	1064	1710
0	0	1	1	16	93	116	105	426	417	942	857	850	1298	1471
0	0	0	18	56	39	41	184	153	420	307	612	635	1299	3675
0	2	0	4	51	146	30	48	82	450	535	988	1283	1777	19380
0	0	0	18	40	17	32	58	71	89	148	177	705	349	450
0	1	33	1	8	5	66	18	29	34	87	125	68	406	145
0	0	0	1	7	3	7	14	18	34	41	19	26	68	30
0	0	1	0	1	0	15	1	73	8	10	9	4	9	13
0	0	0	0	0	2	5	2	7	7	2	0	1	1	1
0	0	0	1	0	0	1	1	1	31	0	1	0	1	1
0	0	0	0	0	0	0	0	0	0	0	0	415	0	0
														
pl 5														
0	2	0	0	5	0	0	0	0	0	0	0	0	0	0
2	0	2	2	1	0	2	0	1	0	0	0	7	0	0
0	5	3	6	1	186	2	5	7	226	1	1	0	0	0
2	15	34	26	32	66	71	20	10	16	0	1	0	4	1
4	21	216	44	37	82	87	530	7	69	8	1	4	4	0
0	10	40	158	251	89	909	36	70	340	88	7	4	2	0
72	20	83	124	176	81	215	139	47	25	71	7	2	17	0
0	124	40	270	140	175	254	103	47	56	11	18	38	1	0
9	108	612	368	524	199	627	183	78	75	16	12	4	2	0
65	280	1272	1821	810	259	213	249	207	176	60	17	16	0	2
63	1162	976	982	903	465	301	428	143	127	88	73	12	24	2
122	764	1183	921	1091	1036	590	453	159	66	130	13	3	7	106
89	557	1561	680	2126	629	939	841	395	93	66	20	4	14	0
69	565	941	789	1488	1421	942	1298	1331	192	198	30	12	68	2
92	382	178	525	1261	802	2496	18162	1382	127	269	41	21	6	0
														
period 13														
pl 0														
9454	806	371	347	46	63	309	0	242	142	82	43	11	23	0
1137	301	160	111	24	99	225	314	842	378	302	28	67	32	369
27	43	61	18	83	130	245	376	383	228	631	204	31	73	8
164	956	60	200	193	1030	784	496	770	303	296	298	81	15	106
436	60	55	206	358	633	442	1373	399	860	639	267	107	73	18
41	26	107	272	729	527	1302	1801	918	524	650	319	375	2	0
319	117	66	489	289	1100	972	1512	836	1383	308	269	16	0	1
0	397	238	216	1245	437	1478	765	920	487	650	32	15	1	0
25	453	649	937	753	961	611	1549	247	262	86	29	1	0	0
119	108	566	140	1438	578	998	243	375	259	95	3	5	0	0
22	597	74	726	276	556	400	322	190	46	4	2	0	1	0
11	34	394	103	227	158	132	25	9	1	8	0	1	0	0
2	49	187	302	190	108	29	5	1	3	0	0	0	0	0
77	75	68	33	76	8	7	9	3	0	0	0	0	0	0
3	43	30	166	2	12	5	0	0	0	0	0	0	0	0
														
pl 1														
0	0	0	1	2	3	2	0	2	0	0	1	0	0	0
0	2	0	0	5	0	0	2	3	2	0	0	0	0	0
2	1	4	6	11	4	2	2	2	3	0	3	0	0	0
5	18	3	39	42	26	3	5	5	28	0	2	2	0	0
39	36	187	48	17	17	114	9	20	8	4	1	1	0	0
124	100	42	89	58	31	30	40	19	17	5	5	2	0	1
288	406	262	188	73	141	48	23	46	58	36	39	13	0	0
14848	1008	1006	570	247	151	119	67	82	291	31	7	5	9	0
1629	923	812	359	348	265	483	161	94	47	109	78	4	1	0
3077	1302	937	757	862	448	325	285	222	120	95	146	12	0	0
1420	1375	1097	1137	647	499	584	383	275	119	292	25	6	13	0
1218	675	1276	822	960	1702	1836	1274	467	305	136	98	7	0	5
169	601	602	1410	990	2592	792	584	365	387	135	25	32	0	0
103	179	356	329	871	277	1373	419	121	32	38	53	4	0	0
395	272	1176	331	782	103	134	0	3	9	25	1	7	0	0
														
pl 2														
0	5	5	5	74	61	657	16993	1743	1041	1687	565	239	152	58
5	1	69	26	74	249	242	1147	1078	1554	1796	739	660	937	116
0	8	26	6	20	109	272	597	1343	819	1781	1254	1077	577	107
0	0	6	11	85	42	339	1370	1062	580	796	1073	657	748	107
1	29	15	61	25	100	1123	386	274	437	786	484	1188	801	56
7	4	2	25	42	94	210	165	202	278	340	1235	1801	1150	20
5	3	6	7	37	26	201	486	175	249	217	694	650	210	39
0	4	0	18	28	36	225	100	158	280	201	591	332	133	0
2	6	7	113	104	7	51	79	156	259	379	229	246	67	5
6	4	5	22	16	19	21	73	48	229	227	200	234	108	1
34	3	6	8	46	90	325	16	62	221	788	187	293	32	0
4	10	1	41	7	5	0	75	32	43	53	300	157	64	13
1	3	2	3	15	33	102	2	55	28	70	86	71	28	0
1	0	2	1	4	7	5	61	15	66	1	14	12	1	1
76	0	21	0	31	0	27	0	0	1	1	11	1	0	0
														
pl 3														
0	0	0	0	0	0	0	0	0	10	11	14	26	43	14
0	0	0	0	0	0	0	0	3	3	29	8	34	5	35
0	0	0	0	0	0	0	2	8	26	36	52	40	93	3
0	0	0	2	1	1	2	14	46	62	176	111	191	38	36
0	0	0	0	1	15	49	341	152	405	285	1127	87	277	406
0	0	1	6	40	18	111	111	279	603	747	252	304	278	182
0	0	0	17	10	175	90	334	576	820	415	1158	338	133	118
0	0	6	7	173	190	696	1053	976	620	712	399	539	171	0
0	0	9	143	154	748	497	1337	680	832	884	446	228	79	44
10	1	84	62	326	307	1054	732	810	1018	771	388	185	120	19
2	191	29	101	162	1134	424	524	609	881	430	204	178	407	56
18	89	334	143	356	472	909	1069	472	607	558	414	137	361	603
10	323	71	130	157	374	382	586	541	401	218	150	127	826	127
301	150	71	68	490	664	387	166	305	340	80	173	1102	167	758
7	43	120	35	72	217	65	0	132	155	469	461	263	1535	15961
														
pl 4														
0	0	5	3	7	1	1	0	103	114	407	283	437	69	91
0	0	0	1	1	67	33	215	244	345	641	790	521	259	75
0	0	5	0	66	51	369	458	1189	907	2187	1234	896	467	231
0	0	2	12	70	130	213	440	420	1656	1011	925	863	841	1096
0	2	3	8	32	51	180	218	518	710	901	630	1064	1059	1438
1	0	3	22	62	79	59	356	215	754	707	636	1027	1239	2592
0	0	0	5	96	31	74	102	149	229	507	639	750	1057	2632
0	0	5	15	143	11	40	108	420	190	681	805	1095	2586	17886
1	1	15	48	11	9	54	19	71	88	126	162	733	495	692
0	1	32	10	3	7	12	23	20	71	57	118	169	349	210
0	1	1	0	1	11	23	5	16	30	35	50	75	56	83
0	0	0	0	1	17	1	12	7	11	14	8	27	50	9
0	0	0	1	1	5	2	4	73	36	9	1	2	3	11
0	0	0	0	1	0	1	0	1	3	2	0	2	2	0
0	0	0	0	0	0	0	0	0	1	0	1	413	0	0
														
pl 5														
0	12	0	5	0	3	1	0	0	0	0	0	0	0	0
1	13	2	3	6	169	0	2	1	1	1	1	0	7	0
2	18	26	7	12	67	184	4	7	66	0	1	0	1	0
1	14	29	29	39	62	48	18	20	10	2	1	8	3	0
2	37	24	370	181	32	644	36	65	7	17	2	0	8	0
3	26	93	779	100	103	188	99	19	19	13	4	3	1	0
4	89	92	215	337	88	103	57	63	27	16	64	18	2	1
0	91	245	187	530	294	199	230	364	74	22	12	4	36	0
33	322	305	764	278	99	211	147	69	35	51	14	7	18	0
56	611	1599	1153	618	370	179	355	163	79	19	33	11	9	4
75	737	1188	667	649	385	254	402	365	45	96	10	22	5	2
119	1084	1055	1000	976	382	610	629	254	401	66	58	29	9	0
73	863	1067	1071	866	809	750	551	517	62	154	119	18	23	99
196	831	806	1162	1881	916	1115	1418	893	143	174	70	25	4	11
81	135	219	487	747	1453	2440	19657	1305	74	150	77	22	34	0
														
period 14														
pl 0														
10027	703	421	307	47	67	314	0	207	120	194	23	28	9	9
1294	450	263	152	121	134	363	319	440	347	440	76	49	78	24
170	420	100	51	132	149	222	234	272	395	308	139	113	32	404
211	312	101	126	184	400	1006	621	362	611	455	273	276	110	58
478	757	72	210	510	318	891	822	871	467	530	131	198	85	17
186	98	82	185	428	688	492	1318	809	673	647	312	109	44	6
326	143	121	135	522	338	1167	754	909	1142	1418	150	334	18	3
0	62	431	590	285	723	886	848	629	834	277	75	40	6	0
280	42	457	815	1684	630	788	572	832	388	317	35	22	2	0
58	346	90	794	305	1163	504	1126	444	221	111	45	5	0	0
139	94	541	121	727	286	689	249	419	226	52	5	14	0	0
20	469	36	314	91	236	189	153	56	13	6	4	0	1	0
8	26	44	140	215	170	102	34	89	1	4	0	0	0	0
9	185	33	248	75	29	9	3	10	1	0	0	0	0	0
57	126	111	62	97	7	4	0	2	0	0	0	0	0	0
														
pl 1														
0	0	0	1	1	4	4	0	1	1	0	0	0	0	0
0	1	1	3	6	3	1	5	2	2	3	0	0	0	0
2	5	6	12	39	2	2	1	2	3	3	1	1	0	0
7	9	13	23	27	4	6	6	3	8	10	2	2	0	2
60	31	42	49	68	26	15	9	14	27	9	2	3	9	0
78	129	121	160	142	53	20	18	50	38	4	0	16	0	1
228	259	257	272	82	64	71	14	41	41	35	28	41	0	0
15163	1185	734	818	257	271	95	95	86	27	244	17	5	1	0
1499	805	769	524	444	385	292	255	83	72	45	142	25	0	0
1602	1106	1219	783	290	444	326	244	136	156	124	128	12	13	4
1785	1083	1355	811	1207	853	440	460	303	305	143	91	11	0	0
996	1149	1224	1046	614	985	1160	1605	901	313	296	38	18	4	0
659	383	941	648	1377	1462	1528	1060	734	296	77	146	25	11	2
84	299	377	557	485	1043	333	895	44	49	27	10	32	9	0
484	120	438	657	893	572	195	0	3	8	15	25	1	8	0
														
pl 2														
0	12	8	7	87	78	360	17489	942	881	1178	505	310	187	72
12	3	65	33	83	360	432	1305	1192	1504	1746	1283	843	605	153
2	6	6	28	175	65	349	365	1138	629	815	1194	694	1297	94
1	3	13	43	56	126	245	740	1044	998	1237	844	1221	1291	97
0	25	11	26	65	91	472	516	648	467	645	985	798	893	63
4	31	11	4	44	33	484	300	202	334	647	755	1966	767	61
3	3	6	13	32	42	342	209	169	142	333	549	495	362	93
0	7	5	24	202	21	137	249	117	96	236	186	868	122	0
7	11	2	25	9	82	148	90	131	176	306	448	89	124	0
2	3	5	7	25	9	29	71	79	234	242	286	242	56	1
5	1	11	14	11	22	62	340	32	162	76	845	154	107	1
0	5	44	3	28	9	28	26	53	218	132	183	171	42	13
4	42	3	1	8	13	3	108	18	76	37	284	188	55	3
76	5	23	2	14	0	34	11	59	5	72	66	23	8	0
1	26	0	0	19	0	0	0	2	0	0	0	12	0	0
														
pl 3														
0	0	0	0	0	0	0	0	3	10	42	26	46	13	41
0	0	0	0	0	0	0	4	2	19	30	50	12	105	12
0	0	0	0	2	4	1	8	8	27	74	110	71	21	15
0	0	1	0	2	1	4	52	37	173	84	476	33	101	34
0	0	0	1	3	26	80	157	262	280	540	167	221	551	111
0	0	1	3	41	144	66	312	508	799	270	549	260	213	118
0	4	18	7	201	78	346	411	822	328	827	264	188	136	53
0	1	5	64	173	363	550	824	712	597	456	414	144	162	0
0	3	25	110	359	387	1138	423	941	1307	549	322	187	149	58
1	21	105	104	214	1499	613	813	641	746	429	312	123	119	48
10	27	286	75	402	430	566	853	503	509	457	244	409	484	141
89	136	134	734	157	724	354	512	552	536	364	382	134	941	500
343	54	154	61	439	192	493	838	421	317	225	174	422	691	193
164	143	143	89	110	278	300	174	233	246	197	479	1041	584	881
41	136	55	16	258	80	103	0	144	97	496	1064	467	2402	15586
														
pl 4														
0	6	3	3	1	0	7	0	202	192	412	569	142	151	93
0	0	5	1	73	20	243	235	204	485	657	587	323	167	198
0	4	0	16	60	250	258	281	342	1505	1306	1569	757	480	481
0	2	5	60	59	100	874	473	1129	746	1190	1017	1196	849	646
0	0	5	21	71	36	117	272	387	463	974	932	1306	1493	1923
0	0	5	23	139	75	146	99	199	293	676	616	928	1464	1202
1	0	5	18	159	24	76	107	127	266	525	649	819	1100	1921
0	0	14	1	31	17	93	83	163	785	412	587	1195	1150	20057
0	0	64	10	2	21	5	21	87	73	97	235	518	838	426
1	1	7	1	9	11	15	11	70	151	34	58	141	606	219
0	1	7	9	6	38	11	11	16	41	59	39	55	154	145
0	0	0	1	3	2	7	7	6	6	19	19	19	24	81
0	0	0	2	3	0	0	3	58	29	11	4	2	45	4
0	0	0	0	0	0	1	1	0	1	2	9	2	3	2
0	0	0	1	0	0	0	0	2	0	0	0	413	0	0
														
pl 5														
0	10	11	6	2	1	0	0	0	0	0	0	0	0	0
0	3	12	12	173	67	3	1	175	5	1	1	7	6	0
20	16	67	10	26	8	40	20	25	51	1	2	0	0	3
2	10	47	107	118	15	9	19	6	5	13	2	2	3	0
11	21	120	61	316	613	22	41	17	3	8	7	1	0	1
1	94	96	120	230	259	308	36	80	33	6	13	5	2	2
8	34	192	211	132	842	357	118	49	25	30	34	6	16	0
0	322	283	519	302	167	219	91	130	70	26	13	11	18	0
26	134	454	565	288	249	138	220	78	271	18	22	4	44	0
86	566	1817	538	481	265	260	184	139	76	27	10	4	5	2
61	745	1224	674	624	465	314	426	168	373	55	73	18	10	6
107	1113	918	1064	680	430	465	901	255	91	86	89	25	34	2
183	804	1607	843	1146	662	739	517	409	139	137	71	39	131	7
131	779	980	988	877	1653	1102	1507	1033	128	152	42	10	33	5
142	380	293	523	1642	883	1759	19438	1069	220	298	35	76	26	0
														
period 15														
pl 0														
9889	781	490	484	96	89	186	0	161	170	283	25	21	103	24
1284	464	347	136	116	324	322	159	257	151	316	152	88	24	45
291	475	191	114	207	612	178	216	229	319	215	231	105	150	33
408	460	308	205	206	155	533	582	396	705	286	119	149	309	407
456	347	189	139	292	455	297	727	411	1045	554	173	138	215	27
90	895	405	168	272	357	580	481	953	777	964	268	151	23	21
338	144	51	150	295	510	606	1196	817	743	873	747	35	54	9
0	103	232	179	603	383	672	926	952	766	674	77	27	62	0
10	145	318	657	281	1494	934	578	505	812	795	268	21	3	1
432	62	329	627	589	287	874	590	838	210	259	137	31	7	0
84	173	78	525	232	547	331	835	247	312	227	28	4	15	0
445	17	212	73	303	156	238	201	154	33	40	5	8	0	0
16	297	88	76	110	220	41	72	19	15	8	1	0	1	0
10	80	38	94	496	58	22	71	13	3	2	0	0	0	0
10	61	47	254	168	83	31	0	1	1	0	0	0	1	0
														
pl 1														
0	0	0	5	2	3	6	0	2	0	0	1	0	0	0
1	0	3	6	11	0	1	2	4	0	1	4	0	0	0
3	5	11	7	11	2	4	6	4	2	4	1	1	0	0
3	20	36	38	24	8	9	24	12	3	7	7	5	0	0
46	30	48	47	63	25	13	12	23	8	28	3	6	1	0
99	111	60	95	71	147	27	24	15	10	31	39	41	0	0
192	178	296	188	110	115	37	71	21	15	157	27	3	6	1
15189	1220	677	1258	328	239	114	240	148	74	23	25	1	2	0
1369	909	686	654	342	508	341	98	79	176	131	51	16	0	1
1437	1008	772	642	753	356	245	264	265	175	76	137	81	4	9
1303	1197	1255	922	711	766	499	429	377	195	221	165	61	0	0
510	818	1676	1250	697	790	1216	2195	1239	561	178	169	25	2	2
578	996	1063	827	1149	1827	951	658	345	356	207	40	69	15	0
96	281	605	412	803	339	735	237	375	86	70	18	14	11	3
463	251	228	541	796	724	354	0	9	14	13	10	20	10	0
														
pl 2														
0	5	24	20	64	93	785	16692	1341	824	1192	392	154	196	53
24	15	68	27	95	140	339	2592	392	1590	1433	1146	847	673	121
0	6	8	22	135	151	370	391	600	655	855	1523	1031	712	131
6	6	18	13	32	143	198	885	575	618	1121	915	1022	1540	188
0	5	15	49	93	281	217	353	469	575	1115	639	1463	1356	78
4	31	15	18	18	129	292	236	490	667	338	663	1197	671	51
7	22	6	21	246	42	233	182	110	251	459	1059	530	630	62
0	4	20	169	18	33	165	136	298	133	176	295	269	129	0
1	4	23	9	12	23	133	232	122	101	240	484	532	70	40
5	5	1	10	6	18	18	61	43	145	242	302	183	130	1
0	9	7	9	9	7	36	103	445	95	170	116	259	57	2
2	79	7	9	5	35	19	32	95	31	54	1009	110	148	3
1	5	2	5	9	9	17	27	111	218	94	121	144	80	12
1	33	6	0	23	17	1	9	7	41	34	84	87	50	3
77	2	28	2	0	0	27	0	2	0	1	1	0	11	0
														
pl 3														
0	0	0	0	0	0	1	0	12	37	33	58	20	113	12
0	0	0	0	2	0	2	2	6	23	72	61	89	12	22
0	0	0	1	9	1	3	22	26	130	51	158	21	44	41
0	0	0	2	6	10	37	115	103	87	450	79	74	408	54
0	0	2	11	24	77	93	356	356	320	154	493	348	183	23
0	3	1	63	52	151	284	395	690	396	637	196	150	158	54
4	15	8	48	73	386	458	510	546	481	479	271	123	128	38
0	2	38	42	486	441	494	486	623	482	515	239	148	83	0
2	9	23	150	266	904	362	669	517	694	419	273	140	101	93
13	12	117	85	362	728	646	685	416	725	417	262	165	375	110
53	244	92	304	320	685	344	489	479	519	413	562	203	521	252
306	155	130	108	1191	216	501	783	460	353	290	565	621	1157	464
142	110	139	269	155	147	163	283	682	433	357	463	446	971	309
111	55	64	60	435	147	325	308	333	301	322	482	1234	994	1249
191	36	23	77	46	126	53	0	617	108	517	577	371	2265	15158
														
pl 4														
0	2	4	1	29	19	31	0	198	209	541	193	207	115	109
0	7	3	76	36	160	244	116	339	422	761	492	271	260	111
0	7	14	45	168	265	870	188	620	1011	1150	1495	1418	725	385
1	1	51	28	75	133	206	543	806	1047	1024	991	1370	611	977
0	1	10	43	97	58	166	381	281	814	724	791	1355	1754	978
0	1	3	81	176	117	38	148	177	595	685	653	942	1010	1009
0	1	14	5	20	45	106	112	161	376	332	549	1042	958	1753
0	0	25	30	19	10	20	56	439	189	294	761	1110	2057	19824
0	38	4	6	11	9	32	31	88	86	146	173	646	547	600
0	0	4	9	5	19	12	6	305	28	514	90	134	179	199
1	0	17	6	24	4	9	8	36	19	32	164	51	101	182
0	0	0	6	5	1	1	6	6	18	10	10	22	73	75
0	0	1	2	1	0	6	13	18	28	6	2	57	14	12
0	0	0	1	1	0	0	0	4	1	12	2	1	2	4
0	0	1	0	0	0	0	0	6	0	5	1	414	0	0
														
pl 5														
0	1	6	11	1	1	0	0	0	0	0	1	0	1	2
7	17	6	174	66	4	4	183	5	2	0	2	4	0	1
7	33	77	57	15	22	10	52	1	3	2	50	9	0	1
11	36	99	89	48	75	17	6	10	2	1	5	0	1	3
4	79	42	203	133	66	200	24	443	8	2	11	4	3	1
0	33	104	242	368	256	352	104	64	20	10	20	7	37	4
3	251	123	390	319	74	737	78	83	29	14	5	3	17	0
0	169	292	158	195	253	220	106	44	266	21	6	18	18	0
49	222	619	698	441	271	338	77	90	38	131	15	20	6	3
41	647	1614	825	328	413	212	180	93	53	55	51	10	6	9
92	1268	892	654	565	370	263	401	138	39	74	39	42	12	17
115	996	1240	731	574	543	577	675	419	86	93	26	8	25	46
163	788	843	910	987	875	975	418	903	72	85	35	29	63	7
134	1034	1060	762	2145	1422	1047	2464	1128	296	166	87	72	9	14
102	181	186	814	741	749	1335	19058	702	148	218	88	31	102	0
														
period 16														
pl 0														
10644	835	607	185	96	131	116	0	102	176	111	8	26	28	115
1769	657	450	296	257	293	324	149	229	233	339	128	137	53	35
299	491	431	139	149	177	371	271	118	174	328	149	160	117	143
586	521	252	264	193	265	170	402	398	616	317	166	91	291	261
606	539	272	191	177	295	434	346	491	247	516	195	129	160	272
63	250	133	207	238	411	384	840	560	1023	535	345	184	108	35
327	441	302	103	297	419	557	414	989	946	945	221	176	21	13
0	67	223	349	296	964	428	989	789	1116	563	474	39	85	0
96	85	173	122	540	363	470	928	542	721	681	127	163	47	2
22	366	378	441	607	1074	680	818	434	596	551	116	71	9	4
252	50	182	139	665	245	610	402	835	186	266	228	12	3	0
67	251	60	142	160	324	137	381	120	122	22	35	3	11	0
409	70	196	65	171	128	142	106	74	18	28	2	3	0	1
8	119	198	204	117	443	46	78	36	7	8	1	0	0	0
31	27	59	60	236	165	24	0	1	1	2	0	1	0	0
														
pl 1														
0	0	0	8	2	1	3	0	0	1	0	0	0	0	0
0	0	7	5	5	6	2	1	2	3	0	2	2	0	0
2	12	4	7	4	9	5	5	5	4	1	5	0	1	0
11	13	3	9	27	22	8	10	24	4	16	6	5	0	0
135	38	40	26	11	17	7	24	18	8	11	6	3	1	0
74	73	56	74	84	77	22	21	77	9	31	29	25	3	0
253	171	177	207	98	204	104	219	48	79	9	26	24	1	0
17827	1092	503	382	328	378	140	59	85	65	127	19	10	5	0
2117	1129	912	544	457	824	241	224	122	113	129	42	24	4	0
1064	781	663	652	525	508	306	206	166	122	87	52	24	6	1
794	1014	1154	902	601	374	512	363	599	369	159	162	131	3	0
856	992	1362	1141	748	848	813	744	936	739	278	151	157	14	0
341	843	1373	951	899	1357	1550	973	646	250	298	175	44	9	6
64	272	571	641	1065	426	521	587	202	234	53	35	35	9	0
443	117	188	308	584	755	180	0	71	7	9	26	9	0	0
														
pl 2														
0	14	13	13	206	98	1105	17804	1295	673	873	236	173	86	12
7	7	74	64	92	116	500	2130	1516	1089	1995	898	1053	725	117
3	10	17	14	40	177	358	913	335	596	1050	676	1257	1168	56
2	23	24	4	22	40	304	554	548	558	746	981	807	1002	44
8	10	12	12	225	86	215	476	329	316	747	912	851	1287	129
7	12	21	46	111	146	126	281	368	410	905	378	1199	1562	62
3	16	7	35	40	288	165	229	316	597	692	384	763	319	77
0	28	6	22	28	35	67	135	161	392	343	277	201	159	0
1	1	7	167	17	23	159	99	64	78	108	188	472	73	16
0	5	23	4	10	12	89	37	156	64	188	201	596	72	43
5	6	2	12	2	16	14	113	61	386	194	196	86	145	0
1	10	44	10	19	9	47	249	61	86	58	75	390	86	1
0	42	11	3	6	15	11	26	238	157	69	637	97	167	3
77	7	30	24	1	11	38	16	17	62	70	167	189	40	12
0	27	0	0	1	0	0	0	2	18	1	3	1	0	0
														
pl 3														
0	0	0	0	0	1	0	0	15	24	54	39	87	23	52
0	0	0	1	0	2	2	21	9	138	76	171	20	73	16
0	0	0	1	6	9	13	43	46	65	96	45	35	40	17
0	0	1	2	6	33	74	41	83	412	100	163	197	86	16
0	0	1	5	55	100	386	211	432	189	683	128	198	26	58
0	0	3	63	53	338	389	505	507	426	188	212	289	128	61
15	10	5	55	156	263	322	281	665	595	270	152	129	84	45
0	11	45	264	242	624	424	511	468	752	432	293	113	54	0
15	14	94	110	402	521	607	571	375	458	371	167	121	212	61
25	148	42	159	297	794	546	457	342	725	329	269	242	477	131
161	132	112	320	843	237	580	642	409	477	567	288	375	768	215
163	399	78	155	154	316	388	457	773	386	514	413	617	769	437
94	35	212	76	610	96	180	218	338	242	365	409	518	1144	599
270	66	33	188	141	196	354	82	732	358	437	586	958	1061	1117
57	25	45	33	110	81	201	0	279	102	607	558	700	2444	16448
														
pl 4														
0	2	1	26	18	32	22	0	230	106	187	163	99	111	55
0	2	21	20	27	200	123	154	404	637	690	520	806	195	52
1	1	73	104	216	846	236	540	913	1260	1828	964	1592	1035	294
0	7	22	65	159	136	375	582	591	577	741	831	1063	1017	636
0	2	15	127	71	70	158	195	340	564	598	873	1101	1044	594
0	2	37	147	105	89	164	125	289	417	675	553	817	957	708
0	0	22	46	17	29	44	107	123	265	328	858	563	1434	2756
0	2	3	7	10	10	45	318	84	279	348	821	1219	2643	20214
0	2	4	7	7	27	27	23	97	65	106	170	424	400	693
0	0	14	2	22	8	18	20	29	57	106	124	97	613	211
0	0	11	10	7	6	6	28	19	30	134	25	89	59	89
0	0	12	2	2	0	10	3	8	266	10	17	45	24	103
0	0	1	1	0	1	3	0	3	6	12	44	6	37	45
0	0	1	0	0	2	0	3	6	3	5	0	9	2	0
0	0	0	0	1	0	0	0	2	0	0	4	371	4	0
														
pl 5														
0	0	0	2	12	0	0	0	0	0	1	0	0	1	1
7	28	209	73	5	24	182	0	1	4	0	2	3	1	0
2	56	80	48	41	20	33	4	31	1	1	7	4	0	2
3	66	55	135	40	33	72	25	7	4	55	4	0	5	1
0	48	83	58	115	300	344	76	25	416	10	11	1	39	2
3	67	165	194	177	345	355	59	53	22	14	9	3	6	1
0	84	242	316	208	495	55	64	55	40	15	10	12	2	0
0	100	550	253	301	205	217	76	67	26	13	15	24	24	0
38	179	1351	690	248	323	136	102	35	41	18	28	3	2	3
43	1347	824	501	535	306	281	168	84	44	170	29	19	17	20
105	1076	843	672	366	462	549	399	161	63	98	41	26	5	52
80	1174	834	801	600	487	878	670	246	89	40	50	19	13	0
93	1005	765	727	957	1045	627	1144	303	175	58	15	9	16	6
81	902	807	1224	1166	1129	975	3331	887	164	187	66	32	119	19
18	373	238	405	565	401	2152	19755	1289	85	196	34	47	63	0
